Date,DelPerc,PREV_CLOSE,OPEN_PRICE,HIGH_PRICE,LOW_PRICE,CLOSE_PRICE,Change_Percentage
24032025,56.88,76.7,80.0,86.0,77.99,84.43,10.08
25032025,65.04,84.43,85.8,86.7,81.99,84.4,-0.04
26032025,57.15,84.4,84.4,84.99,80.0,80.43,-4.7
27032025,46.01,80.43,79.89,83.08,75.05,77.15,-4.08
28032025,53.99,77.15,78.89,80.95,75.11,76.33,-1.06
01042025,47.81,76.33,78.97,80.0,76.99,78.36,2.66
02042025,60.47,78.36,79.54,81.99,78.01,81.43,3.92
03042025,53.26,81.43,80.0,81.59,79.1,81.07,-0.44
04042025,63.36,81.07,79.85,80.65,76.83,77.81,-4.02
07042025,54.5,77.81,77.49,77.49,69.84,72.76,-6.49
08042025,47.92,72.76,73.14,77.0,73.14,75.73,4.08
09042025,48.19,75.73,76.48,77.84,73.5,76.62,1.18
11042025,39.74,76.62,77.3,80.18,76.0,76.93,0.4
15042025,56.64,76.93,80.33,80.33,78.27,78.93,2.6
16042025,59.32,78.93,78.93,80.89,78.93,79.62,0.87
17042025,61.15,79.62,79.99,82.0,79.53,81.09,1.85
21042025,54.93,81.09,81.2,85.29,81.0,83.42,2.87
22042025,65.87,83.42,83.42,85.09,82.22,82.75,-0.8
23042025,70.3,82.75,84.4,84.46,81.23,81.88,-1.05
24042025,59.69,81.88,82.08,82.39,79.3,80.92,-1.17
25042025,45.8,80.92,80.02,80.96,72.81,75.66,-6.5
28042025,54.38,75.66,76.02,77.3,74.78,75.98,0.42
29042025,76.87,75.98,76.12,76.89,76.12,76.32,0.45
30042025,78.38,76.32,76.75,76.75,74.0,74.65,-2.19
02052025,61.07,74.65,74.73,76.0,74.0,74.64,-0.01
05052025,56.95,74.64,74.75,76.94,74.25,75.75,1.49
06052025,58.23,75.75,75.75,77.25,74.4,75.33,-0.55
07052025,48.09,75.33,75.0,90.39,73.03,90.39,19.99
08052025,20.72,90.39,94.8,107.4,93.0,100.21,10.86
09052025,33.29,100.21,97.0,102.5,95.0,100.56,0.35
12052025,24.94,100.56,103.09,116.45,103.09,109.03,8.42
13052025,43.95,109.03,108.2,110.4,103.45,106.62,-2.21
14052025,49.3,106.62,106.95,109.0,102.1,103.47,-2.95
15052025,43.21,103.47,103.99,109.0,103.35,106.26,2.7
16052025,52.38,106.26,107.95,107.95,103.5,103.95,-2.17
19052025,37.73,103.95,105.9,114.34,104.06,110.93,6.71
20052025,50.93,110.93,113.0,113.0,108.0,108.78,-1.94
21052025,45.59,108.78,108.5,108.5,100.41,104.76,-3.7
25082025,63.31,137.47,137.72,141.9,131.21,134.5,-2.16
26082025,64.2,134.5,134.5,136.98,129.87,133.71,-0.59
28082025,55.29,133.71,130.95,139.92,130.05,138.1,3.28
29082025,40.47,138.1,139.91,150.29,137.41,147.6,6.88
01092025,59.86,147.6,149.2,162.36,149.2,162.36,10.0
02092025,32.19,162.36,168.0,178.59,160.05,172.06,5.97
03092025,44.65,172.06,172.35,175.4,163.98,164.95,-4.13
04092025,41.73,164.95,171.09,173.19,160.1,163.25,-1.03
05092025,57.64,163.25,165.5,166.78,156.6,160.33,-1.79
08092025,52.48,160.33,163.5,163.5,153.0,154.34,-3.74
09092025,50.21,154.34,154.01,162.05,154.01,161.22,4.46
10092025,63.98,161.22,163.0,169.28,161.94,168.8,4.7
11092025,53.02,168.8,171.0,173.85,165.01,167.49,-0.78
12092025,53.03,167.49,167.71,173.5,166.53,168.76,0.76
15092025,55.62,168.76,172.09,172.09,166.1,167.32,-0.85
16092025,48.84,167.32,165.7,169.76,158.95,158.95,-5.0
17092025,56.27,158.95,155.0,155.0,151.0,151.0,-5.0
18092025,45.74,151.0,150.91,154.19,145.0,147.0,-2.65
19092025,55.28,147.0,149.18,154.35,149.16,153.97,4.74
22092025,52.78,153.97,161.19,161.66,157.81,160.82,4.45
23092025,59.17,160.82,161.95,168.86,161.1,168.86,5.0
24092025,69.68,168.86,172.7,177.3,172.25,177.3,5.0
25092025,40.6,177.3,181.0,186.0,172.25,177.86,0.32
26092025,46.96,177.86,179.5,180.0,170.31,175.27,-1.46
29092025,45.12,175.27,175.49,182.0,168.56,178.81,2.02
30092025,42.24,178.81,182.39,186.85,177.85,179.95,0.64
01102025,62.59,179.95,182.44,188.94,180.1,186.29,3.52
03102025,61.45,186.29,189.0,195.6,189.0,195.6,5.0
06102025,55.6,195.6,198.7,205.38,188.82,205.38,5.0
07102025,59.0,205.38,210.0,215.64,209.49,215.64,5.0
08102025,36.53,215.64,220.0,225.79,196.26,208.95,-3.1
09102025,35.78,208.95,210.0,219.0,204.4,213.11,1.99
10102025,40.02,213.11,215.61,219.0,213.15,216.79,1.73
13102025,53.01,216.79,217.0,217.0,201.1,203.48,-6.14
14102025,57.2,203.48,207.99,207.99,192.6,194.03,-4.64
15102025,47.23,194.03,196.95,213.43,195.12,213.43,10.0
16102025,39.28,213.43,217.7,234.77,217.01,234.77,10.0
17102025,41.52,234.77,239.45,239.45,213.0,216.28,-7.88
20102025,27.31,216.28,224.07,235.1,207.22,223.71,3.44
21102025,57.91,223.71,227.9,235.0,226.48,228.31,2.06
22102025,57.91,223.71,227.9,235.0,226.48,228.31,2.06
23102025,57.58,228.31,231.99,231.99,216.0,218.11,-4.47
24102025,45.88,218.11,218.11,224.0,211.25,213.0,-2.34
27102025,38.95,213.0,209.11,226.98,208.99,224.76,5.52
28102025,54.8,224.76,227.94,227.94,219.0,223.58,-0.53
29102025,38.73,223.58,223.0,226.9,218.01,220.63,-1.32
30102025,59.47,220.63,223.45,223.45,216.0,216.92,-1.68
31102025,55.22,216.92,219.8,219.8,198.8,201.69,-7.02
03112025,47.13,201.69,202.0,213.64,202.0,208.98,3.61
04112025,48.84,208.98,213.0,213.0,203.15,205.76,-1.54
05112025,48.84,208.98,213.0,213.0,203.15,205.76,-1.54
06112025,46.26,205.76,212.39,213.0,200.0,203.21,-1.24
07112025,38.05,203.21,198.95,201.84,187.0,198.64,-2.25
10112025,53.14,198.64,200.59,200.59,192.0,194.69,-1.99
11112025,50.73,194.69,194.69,194.94,185.0,188.64,-3.11
12112025,51.23,188.64,188.6,191.16,184.24,186.46,-1.16
13112025,54.22,186.46,187.0,189.39,181.0,182.13,-2.32
14112025,36.45,182.13,178.0,193.53,177.87,187.77,3.1
17112025,49.75,187.77,188.9,190.0,180.5,182.26,-2.93
18112025,55.65,182.26,182.26,182.39,177.0,179.55,-1.49
19112025,53.89,179.55,183.9,189.0,179.61,186.7,3.98
20112025,64.36,186.7,186.7,187.81,180.0,180.95,-3.08
21112025,45.89,180.95,180.0,180.05,174.92,176.29,-2.58
24112025,32.93,176.29,177.96,188.0,176.29,180.45,2.36
25112025,55.98,180.45,184.96,184.96,174.09,174.89,-3.08
26112025,49.51,174.89,175.49,176.78,172.05,174.06,-0.47
27112025,40.57,174.06,173.15,191.46,173.15,183.73,5.56
28112025,43.5,183.73,180.46,187.92,179.0,181.53,-1.2
01122025,39.84,181.53,184.8,185.99,179.4,184.05,1.39
02122025,59.17,184.05,184.95,184.95,180.48,180.95,-1.68
03122025,50.99,180.95,182.0,182.13,176.51,179.14,-1.0
04122025,42.74,179.14,175.0,181.2,175.0,179.52,0.21
05122025,51.19,179.52,179.95,179.95,173.7,175.25,-2.38
08122025,50.43,175.25,175.5,177.5,162.15,164.96,-5.87
09122025,37.5,164.96,162.0,172.0,158.6,168.88,2.38
10122025,51.65,168.88,168.2,172.64,166.6,170.07,0.7
11122025,58.06,170.07,170.1,172.61,167.01,170.21,0.08
12122025,31.95,170.21,171.38,183.0,169.81,178.02,4.59
15122025,51.0,178.02,175.54,178.1,174.96,177.42,-0.34
16122025,47.12,177.42,177.2,180.0,175.6,177.02,-0.23
17122025,67.61,177.02,177.02,179.02,170.6,171.25,-3.26
18122025,52.12,171.25,171.83,174.24,166.7,169.31,-1.13
19122025,49.83,169.31,165.55,173.9,165.55,169.68,0.22
22122025,50.59,169.68,169.68,178.0,169.68,176.22,3.85
23122025,59.72,176.22,174.24,178.58,173.14,177.22,0.57
24122025,56.52,177.22,177.22,182.0,176.42,179.12,1.07
25122025,56.52,177.22,177.22,182.0,176.42,179.12,1.07
26122025,53.52,179.12,180.0,181.24,176.1,178.38,-0.41
29122025,62.48,178.38,176.6,176.6,168.22,169.75,-4.84
30122025,39.94,169.75,169.75,177.0,169.75,171.95,1.3
31122025,68.82,171.95,172.8,174.9,171.0,172.17,0.13
01012026,52.83,172.17,173.7,174.9,170.3,172.92,0.44
02012026,58.18,172.92,174.64,178.0,173.01,177.6,2.71
05012026,52.73,177.6,178.9,180.05,172.55,173.96,-2.05
06012026,58.6,173.96,177.0,177.0,172.15,173.37,-0.34
07012026,66.46,173.37,173.0,173.0,168.7,169.86,-2.02
08012026,58.09,169.86,168.5,174.84,165.7,166.89,-1.75
09012026,63.21,166.89,164.4,168.39,160.02,162.94,-2.37
12012026,46.26,162.94,162.1,162.91,156.16,159.73,-1.97
13012026,41.1,159.73,159.05,166.39,159.05,162.1,1.48
14012026,47.44,162.1,161.27,164.19,158.3,159.7,-1.48
15012026,47.44,162.1,161.27,164.19,158.3,159.7,-1.48
16012026,44.79,159.7,161.65,163.2,158.0,158.59,-0.7
19012026,49.27,158.59,158.59,160.55,156.6,159.02,0.27
20012026,56.5,159.02,159.02,159.02,146.05,151.28,-4.87
21012026,53.65,151.28,149.3,151.74,142.21,143.48,-5.16
22012026,40.86,143.48,144.84,151.0,142.5,145.75,1.58
23012026,40.3,145.75,145.11,145.75,138.52,139.89,-4.02
27012026,54.71,139.89,139.89,140.0,133.6,135.32,-3.27
28012026,26.47,135.32,138.0,147.86,136.9,143.94,6.37
29012026,44.33,143.94,145.55,145.64,139.51,144.29,0.24
30012026,46.47,144.29,143.56,149.61,142.21,143.84,-0.31
02022026,47.26,141.6,142.0,145.0,136.1,142.89,0.91
03022026,31.52,142.89,157.0,157.17,142.0,151.84,6.26
04022026,31.35,151.84,152.76,166.0,152.1,158.16,4.16
05022026,16.72,158.16,158.16,173.0,152.81,168.45,6.51
06022026,27.22,168.45,166.75,175.89,162.0,168.48,0.02
09022026,44.4,168.48,168.85,174.19,166.0,167.67,-0.48
10022026,47.18,167.67,169.9,172.39,166.44,168.43,0.45
11022026,34.33,168.43,171.27,179.74,168.44,170.83,1.42
12022026,51.24,170.83,173.17,173.17,166.3,168.37,-1.44
13022026,39.18,168.37,167.0,167.0,162.2,163.55,-2.86
16022026,13.51,163.55,161.0,196.26,155.55,196.26,20.0
17022026,4.38,196.26,203.99,229.49,201.21,211.94,7.99
18022026,13.36,211.94,208.99,209.4,193.0,194.94,-8.02
19022026,5.93,194.94,194.5,218.0,188.25,204.57,4.94
20022026,6.63,204.57,208.7,218.3,201.25,210.32,2.81
23022026,25.55,210.32,212.1,216.67,197.25,201.53,-4.18
24022026,19.19,201.53,200.0,205.7,196.11,199.5,-1.01
25022026,28.23,199.5,202.89,202.9,192.39,195.64,-1.93
26022026,31.56,195.64,198.55,202.39,191.1,194.26,-0.71
27022026,32.19,194.26,194.0,196.2,189.25,190.07,-2.16
02032026,44.44,190.07,176.01,187.84,176.01,180.87,-4.84
03032026,44.44,190.07,176.01,187.84,176.01,180.87,-4.84
04032026,45.5,180.87,175.0,179.01,171.9,174.63,-3.45
05032026,35.2,174.63,180.0,185.0,170.4,179.46,2.77
06032026,36.32,179.46,181.88,183.24,174.0,176.48,-1.66
09032026,40.79,176.48,171.99,174.01,164.0,170.69,-3.28
10032026,34.75,170.69,178.37,178.37,173.23,175.88,3.04
11032026,38.07,175.88,180.0,180.0,171.01,172.31,-2.03
12032026,43.71,172.31,165.1,173.2,165.1,169.45,-1.66
13032026,38.66,169.45,170.3,170.3,156.0,158.87,-6.24
16032026,26.54,158.87,163.75,163.75,156.25,160.39,0.96
17032026,36.8,160.39,161.6,164.75,158.2,162.69,1.43
18032026,38.73,162.69,163.15,169.99,163.15,166.42,2.29
19032026,45.9,166.42,164.8,164.8,155.31,156.49,-5.97
20032026,34.56,156.49,156.99,163.3,156.0,159.04,1.63
23032026,50.19,159.04,159.49,159.49,146.74,148.32,-6.74
24032026,24.18,148.32,155.85,161.7,149.86,155.55,4.87
25032026,40.77,155.55,157.2,161.8,155.07,158.74,2.05
26032026,40.77,155.55,157.2,161.8,155.07,158.74,2.05
27032026,61.91,158.74,156.36,157.57,148.8,149.85,-5.6
30032026,50.63,149.85,146.6,148.0,139.72,140.81,-6.03
31032026,50.63,149.85,146.6,148.0,139.72,140.81,-6.03
01042026,19.32,140.81,144.74,160.59,144.74,155.84,10.67
02042026,33.37,155.84,148.64,163.0,146.7,156.33,0.31
03042026,33.37,155.84,148.64,163.0,146.7,156.33,0.31
06042026,33.61,156.33,156.25,160.85,152.1,159.04,1.73
07042026,34.06,159.04,158.8,167.8,156.0,163.02,2.5
08042026,23.88,163.02,172.34,183.0,166.73,176.72,8.4
09042026,42.59,176.72,178.13,182.75,175.5,176.74,0.01
10042026,36.62,176.74,178.0,181.0,175.58,176.93,0.11
13042026,30.5,176.93,171.01,180.95,168.0,174.84,-1.18
14042026,30.5,176.93,171.01,180.95,168.0,174.84,-1.18
15042026,32.3,174.84,179.2,190.78,177.51,184.81,5.7
16042026,42.68,184.81,187.58,189.42,183.0,185.24,0.23
17042026,48.51,185.24,186.7,186.72,182.09,183.46,-0.96
20042026,46.25,183.46,183.93,184.19,178.81,180.19,-1.78
21042026,35.1,180.19,181.0,185.65,180.2,180.77,0.32
22042026,39.97,180.77,179.85,182.84,176.9,178.01,-1.53
23042026,40.43,178.01,178.0,179.23,172.8,174.53,-1.95
24042026,34.5,174.53,173.66,176.77,169.35,171.18,-1.92
27042026,50.24,171.18,171.19,178.0,171.19,177.08,3.45
28042026,51.89,177.08,177.5,179.55,171.05,173.29,-2.14
29042026,26.9,173.29,173.0,185.0,173.0,179.95,3.84
30042026,34.66,179.95,179.1,188.54,174.9,187.25,4.06
01052026,34.66,179.95,179.1,188.54,174.9,187.25,4.06
04052026,38.5,187.25,193.81,196.26,189.01,191.66,2.36
05052026,27.54,191.66,191.8,196.4,186.47,194.11,1.28
06052026,34.46,194.11,196.39,206.0,191.19,200.98,3.54
07052026,23.3,200.98,210.01,221.94,195.66,200.69,-0.14
08052026,37.79,200.69,200.69,209.0,196.69,203.97,1.63
11052026,39.99,203.97,205.5,208.75,201.23,204.33,0.18
12052026,43.78,204.33,201.3,204.16,186.3,188.46,-7.77
13052026,32.43,188.46,190.0,196.26,187.66,188.66,0.11
14052026,47.29,188.66,188.67,191.18,180.2,184.37,-2.27
15052026,28.08,184.37,185.0,192.99,182.02,189.59,2.83
18052026,41.83,189.59,191.0,191.99,178.74,180.0,-5.06
19052026,37.31,180.0,180.2,187.5,180.2,181.43,0.79
20052026,39.19,181.43,178.72,187.19,176.0,183.89,1.36
21052026,25.96,183.89,185.15,194.0,185.15,190.11,3.38
22052026,50.28,190.11,191.0,193.59,184.23,185.23,-2.57
25052026,36.21,185.23,186.0,191.59,186.0,188.65,1.85
26052026,47.68,188.65,187.9,192.0,186.0,187.12,-0.81
27052026,42.77,187.12,185.09,193.69,185.09,191.09,2.12
28052026,42.77,187.12,185.09,193.69,185.09,191.09,2.12
29052026,45.87,191.09,193.94,195.49,182.31,184.03,-3.69
01062026,46.02,184.03,186.0,187.76,179.81,183.2,-0.45
02062026,39.74,183.2,182.0,185.9,179.17,184.53,0.73
03062026,54.0,184.53,183.05,183.77,180.0,182.34,-1.19
04062026,36.58,182.34,180.64,191.52,180.64,187.97,3.09
05062026,42.32,187.97,189.37,189.48,183.21,184.73,-1.72
08062026,45.32,184.73,181.05,184.23,175.21,180.05,-2.53
09062026,40.47,180.05,180.05,188.55,180.05,186.54,3.6
10062026,52.32,186.54,185.97,188.37,178.69,180.6,-3.18
11062026,47.11,180.6,177.61,178.8,171.0,172.54,-4.46
12062026,43.21,172.54,174.49,180.98,174.49,180.19,4.43
15062026,52.29,180.19,183.0,190.24,181.6,182.57,1.32
16062026,41.44,182.57,183.32,187.78,183.04,185.1,1.39
17062026,50.58,185.1,185.52,187.78,183.0,184.37,-0.39
18062026,35.63,184.37,188.0,189.7,184.66,185.99,0.88
19062026,42.65,185.99,186.0,195.0,184.21,191.31,2.86
22062026,42.12,191.31,192.76,193.75,186.62,188.35,-1.55
23062026,48.08,188.35,188.7,192.4,185.01,185.98,-1.26
24062026,42.16,185.98,185.98,188.78,184.5,184.97,-0.54
25062026,19.47,184.97,185.55,192.6,184.02,186.61,0.89
26062026,19.47,184.97,185.55,192.6,184.02,186.61,0.89
29062026,37.38,186.61,186.0,188.98,182.81,187.45,0.45
30062026,49.68,187.45,186.2,194.77,186.0,189.87,1.29
01072026,7.66,189.87,191.01,227.84,190.23,222.58,17.23
02072026,6.27,222.58,232.6,247.33,232.0,240.76,8.17
03072026,10.15,240.76,239.73,255.74,230.16,239.73,-0.43
06072026,23.39,239.73,241.0,247.2,238.01,242.59,1.19
07072026,32.35,242.59,243.75,245.99,231.68,234.81,-3.21
08072026,29.59,234.81,231.61,241.78,226.23,229.69,-2.18
09072026,16.14,229.69,229.0,259.0,229.0,245.09,6.7
10072026,32.77,245.09,248.9,250.24,240.05,241.54,-1.45
13072026,27.57,241.54,238.55,263.18,237.05,254.62,5.42
14072026,39.11,254.62,258.43,258.8,240.8,243.07,-4.54
15072026,31.48,243.07,244.0,252.84,240.6,243.7,0.26
16072026,44.51,243.7,243.0,244.9,232.1,234.09,-3.94
17072026,42.75,234.09,233.68,234.46,222.1,225.09,-3.84
20072026,48.89,225.09,224.32,226.19,216.93,221.1,-1.77
21072026,36.31,221.1,223.0,225.96,214.2,221.49,0.18
22072026,35.84,221.49,221.49,229.0,217.0,219.02,-1.12
