Date,DelPerc,PREV_CLOSE,OPEN_PRICE,HIGH_PRICE,LOW_PRICE,CLOSE_PRICE,Change_Percentage
01102019,11.66,18.15,18.25,18.7,14.3,16.3,-10.19
03102019,8.59,16.3,16.35,18.3,16.1,17.75,8.9
04102019,5.62,17.75,17.85,18.1,16.85,17.05,-3.94
07102019,11.08,17.05,17.0,17.5,16.45,16.85,-1.17
08102019,11.08,17.05,17.0,17.5,16.45,16.85,-1.17
09102019,12.96,16.85,16.8,18.8,16.6,18.4,9.2
10102019,7.41,18.4,18.0,18.2,17.0,17.2,-6.52
11102019,17.38,17.2,17.2,17.4,16.5,16.75,-2.62
14102019,22.09,16.75,16.8,17.0,16.25,16.35,-2.39
15102019,13.65,16.35,16.5,17.4,16.15,16.9,3.36
16102019,8.39,16.9,16.95,17.7,16.8,16.95,0.3
17102019,12.49,16.95,16.95,17.6,16.5,17.4,2.65
18102019,17.31,17.4,17.0,17.1,15.7,16.65,-4.31
21102019,17.31,17.4,17.0,17.1,15.7,16.65,-4.31
22102019,24.47,16.65,16.5,16.65,14.2,14.55,-12.61
23102019,15.19,14.55,14.8,14.95,12.7,13.0,-10.65
24102019,15.21,13.0,13.1,13.3,10.75,11.1,-14.62
25102019,7.87,11.1,10.95,12.35,10.4,11.7,5.41
28102019,26.6,11.7,11.8,12.15,11.7,11.8,0.85
29102019,9.31,11.8,11.8,11.8,10.65,11.15,-5.51
30102019,15.83,11.15,11.2,11.4,10.55,10.7,-4.04
31102019,13.81,10.7,10.8,12.9,10.7,12.5,16.82
01112019,8.51,12.5,12.75,16.45,12.15,16.2,29.6
04112019,17.05,16.2,16.4,16.4,14.3,14.55,-10.19
05112019,7.84,14.55,14.65,15.45,14.25,14.5,-0.34
06112019,10.83,14.5,14.5,15.1,13.9,14.1,-2.76
07112019,9.77,14.1,14.2,14.55,13.85,14.15,0.35
08112019,13.1,14.15,14.2,14.75,13.55,13.7,-3.18
11112019,12.89,13.7,13.75,15.25,13.35,15.0,9.49
12112019,12.89,13.7,13.75,15.25,13.35,15.0,9.49
13112019,9.92,15.0,14.8,14.95,12.2,13.5,-10.0
14112019,5.31,13.5,13.5,14.2,12.8,13.4,-0.74
15112019,9.88,13.4,13.2,14.05,13.05,13.55,1.12
18112019,12.09,13.55,14.0,14.75,13.85,14.5,7.01
19112019,14.33,14.5,14.7,15.2,14.25,15.0,3.45
20112019,15.08,15.0,14.95,18.0,14.5,16.85,12.33
21112019,16.17,16.85,18.5,19.5,14.9,15.85,-5.93
22112019,9.19,15.85,15.85,16.7,15.5,16.0,0.95
25112019,16.03,16.0,16.0,16.5,15.7,16.25,1.56
26112019,16.9,16.25,16.25,16.5,14.7,15.0,-7.69
27112019,19.02,15.0,14.95,15.1,13.75,13.95,-7.0
28112019,13.64,13.95,13.9,15.3,13.2,15.0,7.53
29112019,28.66,15.0,15.0,15.7,11.45,12.75,-15.0
02122019,14.28,12.75,12.25,13.8,12.2,13.1,2.75
03122019,17.71,13.1,13.25,13.3,11.4,12.3,-6.11
04122019,20.32,12.3,12.4,14.7,12.15,14.2,15.45
05122019,8.94,14.2,14.2,15.0,13.8,14.75,3.87
06122019,23.76,14.75,14.4,14.75,11.6,12.55,-14.92
09122019,21.57,12.55,12.55,14.35,12.5,13.55,7.97
10122019,15.91,13.55,13.5,13.7,12.75,13.0,-4.06
11122019,9.41,13.0,13.7,14.2,13.05,13.35,2.69
12122019,14.68,13.35,13.4,13.7,13.2,13.45,0.75
13122019,9.83,13.45,13.65,13.85,13.4,13.5,0.37
16122019,18.84,13.5,13.65,13.65,12.55,13.05,-3.33
17122019,17.08,13.05,12.95,13.5,12.95,13.25,1.53
18122019,24.71,13.25,13.25,13.35,12.85,13.0,-1.89
19122019,35.95,13.0,13.0,13.4,12.8,13.15,1.15
20122019,23.6,13.15,13.15,14.65,13.1,14.0,6.46
23122019,16.43,14.0,14.0,14.25,13.55,13.85,-1.07
24122019,26.59,13.85,13.85,14.05,13.25,13.35,-3.61
25122019,26.59,13.85,13.85,14.05,13.25,13.35,-3.61
26122019,20.11,13.35,13.45,13.6,13.05,13.2,-1.12
27122019,14.88,13.2,13.3,13.6,13.25,13.5,2.27
30122019,9.12,13.5,13.4,13.55,13.15,13.45,-0.37
31122019,18.5,13.45,13.35,13.45,13.0,13.1,-2.6
01012020,20.18,13.1,13.1,13.35,12.6,12.8,-2.29
02012020,16.85,12.8,12.95,13.25,12.7,13.15,2.73
03012020,28.27,13.15,13.0,13.1,12.6,12.7,-3.42
06012020,22.82,12.7,12.7,12.75,12.1,12.15,-4.33
07012020,11.51,12.15,12.25,12.5,11.45,12.3,1.23
08012020,9.19,12.3,12.15,12.5,11.9,12.4,0.81
09012020,12.76,12.4,12.6,12.8,12.4,12.65,2.02
10012020,14.16,12.65,12.6,13.55,12.5,12.9,1.98
13012020,18.58,12.9,12.9,12.95,12.5,12.55,-2.71
14012020,9.88,12.55,12.85,12.85,12.5,12.6,0.4
15012020,17.42,12.6,12.65,12.85,12.3,12.7,0.79
16012020,17.26,12.7,12.7,13.1,12.65,12.75,0.39
17012020,28.38,12.75,12.75,13.35,12.5,13.1,2.75
20012020,10.32,13.1,13.1,13.1,12.25,12.75,-2.67
21012020,22.67,12.75,12.8,13.55,12.75,13.45,5.49
22012020,16.16,13.45,13.4,14.45,13.25,14.2,5.58
23012020,10.53,14.2,13.8,14.25,13.6,14.0,-1.41
24012020,31.72,14.0,13.8,14.7,13.8,14.3,2.14
27012020,25.28,14.3,14.1,14.35,13.65,13.8,-3.5
28012020,20.62,13.8,13.85,15.2,13.75,14.75,6.88
29012020,16.76,14.75,14.65,14.95,13.6,14.25,-3.39
30012020,35.75,14.25,14.4,14.4,12.65,13.05,-8.42
31012020,19.62,13.05,13.4,13.5,12.85,13.0,-0.38
03022020,28.51,12.55,12.75,12.9,12.4,12.45,-0.8
04022020,39.45,12.45,12.5,12.7,12.1,12.35,-0.8
05022020,34.85,12.35,12.4,12.5,12.15,12.2,-1.21
06022020,31.85,12.2,12.25,12.45,12.05,12.25,0.41
07022020,34.59,12.25,12.35,12.4,12.2,12.25,0.0
10022020,27.52,12.25,12.3,12.35,12.0,12.15,-0.82
11022020,31.25,12.15,12.2,12.3,12.0,12.05,-0.82
12022020,24.75,12.05,12.1,12.15,11.75,12.0,-0.41
13022020,23.15,12.0,11.9,12.3,11.5,12.15,1.25
14022020,36.59,12.15,12.25,12.25,11.75,11.8,-2.88
17022020,38.26,11.8,11.9,11.95,11.2,11.3,-4.24
18022020,32.94,11.3,11.35,11.4,10.75,10.95,-3.1
19022020,26.14,10.95,11.1,11.45,11.0,11.1,1.37
20022020,31.63,11.1,11.2,11.7,11.0,11.1,0.0
21022020,31.63,11.1,11.2,11.7,11.0,11.1,0.0
24022020,43.58,11.1,11.15,11.15,10.8,10.85,-2.25
25022020,48.35,10.85,10.9,10.95,10.0,10.35,-4.61
26022020,32.58,10.35,10.25,10.3,9.8,9.9,-4.35
27022020,32.96,9.9,9.9,9.95,9.25,9.4,-5.05
28022020,36.62,9.4,9.0,9.0,8.1,8.25,-12.23
02032020,35.96,8.25,8.55,8.85,7.8,8.05,-2.42
03032020,28.31,8.05,8.1,8.3,7.8,7.95,-1.24
04032020,29.74,7.95,8.0,8.0,7.15,7.3,-8.18
05032020,22.01,7.3,7.3,7.65,6.6,7.4,1.37
06032020,45.98,7.4,7.0,7.0,6.7,6.7,-9.46
09032020,70.76,6.7,6.15,6.5,6.05,6.05,-9.7
10032020,70.76,6.7,6.15,6.5,6.05,6.05,-9.7
11032020,40.23,6.05,6.1,6.6,5.9,6.3,4.13
12032020,61.4,6.3,6.0,6.0,5.7,5.7,-9.52
13032020,36.49,5.7,5.2,5.9,5.15,5.4,-5.26
16032020,46.28,5.4,5.25,5.65,5.15,5.65,4.63
17032020,58.41,5.65,5.7,5.9,5.5,5.9,4.42
18032020,61.1,5.9,6.0,6.15,5.65,5.65,-4.24
19032020,98.32,5.65,5.4,5.4,5.4,5.4,-4.42
20032020,42.78,5.4,5.15,5.3,5.15,5.15,-4.63
23032020,90.24,5.15,5.05,5.1,4.9,4.9,-4.85
24032020,58.2,4.9,4.7,5.1,4.7,4.9,0.0
25032020,66.41,4.9,4.7,4.9,4.7,4.7,-4.08
26032020,51.26,4.7,4.7,4.85,4.5,4.65,-1.06
27032020,64.8,4.65,4.75,4.85,4.45,4.45,-4.3
30032020,69.42,4.45,4.4,4.4,4.25,4.25,-4.49
31032020,61.42,4.25,4.05,4.2,4.05,4.05,-4.71
01042020,53.48,4.05,4.0,4.15,3.9,3.95,-2.47
02042020,53.48,4.05,4.0,4.15,3.9,3.95,-2.47
03042020,53.12,3.95,4.0,4.1,3.9,4.1,3.8
06042020,53.12,3.95,4.0,4.1,3.9,4.1,3.8
07042020,78.74,4.1,4.3,4.3,4.25,4.3,4.88
08042020,80.34,4.3,4.5,4.5,4.35,4.5,4.65
09042020,99.97,4.5,4.7,4.7,4.7,4.7,4.44
10042020,99.97,4.5,4.7,4.7,4.7,4.7,4.44
13042020,67.05,4.7,4.9,4.9,4.5,4.7,0.0
15042020,65.39,4.7,4.85,4.9,4.5,4.5,-4.26
16042020,59.0,4.5,4.4,4.55,4.3,4.35,-3.33
17042020,59.68,4.35,4.35,4.45,4.3,4.35,0.0
20042020,70.19,4.35,4.4,4.55,4.3,4.55,4.6
21042020,54.12,4.55,4.7,4.75,4.4,4.75,4.4
22042020,50.27,4.75,4.8,4.85,4.55,4.75,0.0
23042020,67.26,4.75,4.8,4.95,4.75,4.95,4.21
24042020,50.95,4.95,5.1,5.15,4.75,4.75,-4.04
27042020,57.75,4.75,4.8,4.9,4.8,4.85,2.11
28042020,53.24,4.85,4.95,4.95,4.8,4.85,0.0
29042020,52.52,4.85,4.9,5.0,4.7,4.95,2.06
30042020,67.63,4.95,5.0,5.05,4.8,4.85,-2.02
01052020,67.63,4.95,5.0,5.05,4.8,4.85,-2.02
04052020,62.32,4.85,4.8,4.85,4.7,4.75,-2.06
05052020,60.44,4.75,4.75,4.85,4.75,4.75,0.0
06052020,54.36,4.75,4.8,4.85,4.7,4.8,1.05
07052020,54.45,4.8,4.75,4.8,4.75,4.8,0.0
08052020,44.1,4.8,4.8,4.85,4.6,4.7,-2.08
11052020,56.84,4.7,4.75,4.75,4.65,4.65,-1.06
12052020,48.43,4.65,4.7,4.75,4.55,4.7,1.08
13052020,52.55,4.7,4.8,4.9,4.7,4.85,3.19
14052020,47.84,4.85,4.8,4.85,4.75,4.75,-2.06
15052020,35.67,4.75,4.8,4.8,4.6,4.65,-2.11
18052020,51.8,4.65,4.7,4.75,4.45,4.45,-4.3
19052020,40.5,4.45,4.45,4.5,4.35,4.45,0.0
20052020,55.61,4.45,4.5,4.5,4.35,4.45,0.0
21052020,48.06,4.45,4.45,4.65,4.35,4.6,3.37
22052020,52.94,4.6,4.65,4.65,4.5,4.55,-1.09
25052020,52.94,4.6,4.65,4.65,4.5,4.55,-1.09
26052020,54.71,4.55,4.6,4.65,4.45,4.5,-1.1
27052020,52.15,4.5,4.5,4.55,4.3,4.45,-1.11
28052020,58.35,4.45,4.45,4.5,4.4,4.45,0.0
29052020,75.46,4.45,4.45,4.5,4.25,4.25,-4.49
01062020,75.84,4.25,4.45,4.45,4.3,4.45,4.71
02062020,100.0,4.45,4.65,4.65,4.65,4.65,4.49
03062020,100.0,4.65,4.85,4.85,4.85,4.85,4.3
04062020,100.0,4.85,5.05,5.05,5.05,5.05,4.12
05062020,100.0,5.05,5.3,5.3,5.3,5.3,4.95
08062020,100.0,5.3,5.55,5.55,5.55,5.55,4.72
09062020,100.0,5.55,5.8,5.8,5.8,5.8,4.5
10062020,100.0,5.8,6.05,6.05,6.05,6.05,4.31
11062020,100.0,6.05,6.35,6.35,6.35,6.35,4.96
12062020,66.29,6.35,6.65,6.65,6.35,6.65,4.72
15062020,100.0,6.65,6.95,6.95,6.95,6.95,4.51
16062020,100.0,6.95,7.25,7.25,7.25,7.25,4.32
17062020,100.0,7.25,7.6,7.6,7.6,7.6,4.83
18062020,100.0,7.6,7.95,7.95,7.95,7.95,4.61
19062020,100.0,7.95,8.3,8.3,8.3,8.3,4.4
22062020,99.87,8.3,8.7,8.7,8.7,8.7,4.82
23062020,100.0,8.7,9.1,9.1,9.1,9.1,4.6
24062020,84.24,9.1,9.55,9.55,9.15,9.45,3.85
25062020,66.98,9.45,9.4,9.4,9.0,9.0,-4.76
26062020,87.37,9.0,8.55,8.6,8.55,8.55,-5.0
29062020,100.0,8.55,8.15,8.15,8.15,8.15,-4.68
30062020,100.0,8.15,7.75,7.75,7.75,7.75,-4.91
01072020,69.34,7.75,7.4,8.1,7.4,8.1,4.52
02072020,100.0,8.1,8.5,8.5,8.5,8.5,4.94
03072020,43.96,8.5,8.9,8.9,8.1,8.6,1.18
06072020,66.42,8.6,8.8,8.8,8.25,8.35,-2.91
07072020,66.87,8.35,8.25,8.3,8.0,8.05,-3.59
08072020,41.21,8.05,8.0,8.35,7.8,8.1,0.62
09072020,48.73,8.1,8.1,8.25,7.95,8.1,0.0
10072020,67.31,8.1,8.05,8.1,7.8,7.95,-1.85
13072020,68.75,7.95,8.0,8.0,7.7,7.75,-2.52
14072020,71.72,7.75,7.7,7.75,7.4,7.45,-3.87
15072020,38.06,7.45,7.5,7.8,7.45,7.65,2.68
16072020,53.57,7.65,7.7,7.8,7.3,7.35,-3.92
17072020,43.9,7.35,7.3,7.6,7.2,7.45,1.36
20072020,59.82,7.45,7.65,7.7,7.5,7.55,1.34
21072020,66.7,7.55,7.7,7.7,7.55,7.65,1.32
22072020,54.64,7.65,7.85,7.85,7.6,7.65,0.0
23072020,52.33,7.65,7.8,7.85,7.6,7.65,0.0
24072020,68.62,7.65,7.8,7.8,7.55,7.55,-1.31
27072020,69.55,7.55,7.5,7.55,7.2,7.2,-4.64
28072020,52.51,7.2,7.15,7.2,6.95,7.0,-2.78
29072020,79.81,7.0,6.9,7.35,6.8,7.35,5.0
30072020,45.66,7.35,7.7,7.7,7.2,7.35,0.0
31072020,53.16,7.35,7.35,7.35,7.1,7.2,-2.04
03082020,61.35,7.2,7.2,7.55,6.95,7.55,4.86
04082020,70.44,7.55,7.9,7.9,7.7,7.9,4.64
05082020,66.59,7.9,8.15,8.25,8.0,8.25,4.43
06082020,53.05,8.25,8.45,8.55,7.95,8.05,-2.42
07082020,67.77,8.05,8.1,8.2,7.85,7.9,-1.86
10082020,60.59,7.9,7.95,8.0,7.9,7.95,0.63
11082020,63.45,7.95,7.95,8.25,7.8,7.85,-1.26
12082020,60.86,7.85,7.85,8.6,7.8,8.6,9.55
13082020,52.92,8.6,8.85,9.2,8.3,8.4,-2.33
14082020,59.24,8.4,8.5,8.55,7.8,7.95,-5.36
17082020,71.8,7.95,8.1,8.65,7.95,8.2,3.14
18082020,72.73,8.2,8.15,8.5,8.15,8.4,2.44
19082020,60.17,8.4,8.65,9.2,8.25,9.0,7.14
20082020,54.13,9.0,8.8,9.35,8.65,8.8,-2.22
21082020,65.79,8.8,8.9,9.15,8.7,9.05,2.84
24082020,59.53,9.05,9.1,9.2,8.85,9.05,0.0
25082020,87.72,9.05,9.05,9.95,9.05,9.95,9.94
26082020,43.26,9.95,10.9,10.9,10.3,10.9,9.55
27082020,70.26,10.9,11.25,11.95,11.1,11.95,9.63
28082020,35.63,11.95,12.5,12.5,11.4,11.65,-2.51
31082020,85.73,11.65,11.85,11.9,11.1,11.1,-4.72
01092020,78.75,11.1,10.55,11.0,10.55,10.55,-4.95
02092020,48.16,10.55,10.1,11.05,10.05,10.95,3.79
03092020,100.0,10.95,11.45,11.45,11.45,11.45,4.57
04092020,100.0,11.45,12.0,12.0,12.0,12.0,4.8
07092020,100.0,12.0,12.6,12.6,12.6,12.6,5.0
08092020,100.0,12.6,13.2,13.2,13.2,13.2,4.76
09092020,53.09,13.2,13.85,13.85,12.55,13.85,4.92
10092020,55.51,13.85,14.5,14.5,13.2,13.65,-1.44
11092020,60.4,13.65,13.1,14.3,13.1,14.3,4.76
14092020,73.98,14.3,14.9,15.0,14.6,15.0,4.9
15092020,64.31,15.0,15.4,15.75,14.6,15.45,3.0
16092020,71.36,15.45,15.8,15.8,14.7,14.7,-4.85
17092020,76.7,14.7,14.45,14.65,14.0,14.0,-4.76
18092020,71.22,14.0,14.25,14.7,13.65,14.7,5.0
21092020,75.69,14.7,15.25,15.25,14.0,14.0,-4.76
22092020,75.93,14.0,13.65,14.0,13.3,13.3,-5.0
23092020,75.7,13.3,13.4,13.6,12.65,12.65,-4.89
24092020,95.29,12.65,12.05,12.05,12.05,12.05,-4.74
25092020,55.15,12.05,11.75,12.65,11.55,12.65,4.98
28092020,74.58,12.65,12.7,13.25,12.7,13.25,4.74
29092020,56.2,13.25,13.8,13.9,12.6,13.9,4.91
30092020,57.31,13.9,13.95,14.05,13.35,13.55,-2.52
01102020,73.23,13.55,13.55,14.15,13.5,14.05,3.69
05102020,57.47,14.05,14.3,14.3,13.35,13.8,-1.78
06102020,63.02,13.8,14.1,14.4,13.95,14.15,2.54
07102020,44.2,14.15,14.2,14.25,13.65,13.8,-2.47
08102020,58.47,13.8,13.85,13.9,13.25,13.55,-1.81
09102020,77.06,13.55,13.5,13.65,13.25,13.45,-0.74
12102020,76.48,13.45,13.5,13.65,12.5,13.15,-2.23
13102020,62.42,13.15,12.85,13.2,12.8,12.85,-2.28
14102020,54.2,12.85,13.0,13.05,12.45,12.65,-1.56
15102020,62.24,12.65,12.65,13.0,11.7,11.9,-5.93
16102020,57.91,11.9,12.0,13.05,11.95,13.0,9.24
19102020,51.34,13.0,13.35,13.35,12.65,12.7,-2.31
20102020,45.17,12.7,12.6,12.9,12.4,12.65,-0.39
21102020,61.43,12.65,12.7,12.75,12.3,12.4,-1.98
22102020,62.02,12.4,12.35,12.6,12.2,12.25,-1.21
23102020,51.13,12.25,12.4,12.45,12.1,12.2,-0.41
26102020,68.81,12.2,12.2,12.2,11.75,11.85,-2.87
27102020,52.99,11.85,11.85,12.2,11.65,12.0,1.27
28102020,48.03,12.0,12.0,12.0,11.65,11.8,-1.67
29102020,72.44,11.8,11.6,11.85,10.9,10.95,-7.2
30102020,54.08,10.95,11.2,11.65,10.9,11.35,3.65
02112020,50.82,11.35,11.35,12.1,11.25,11.8,3.96
03112020,69.36,11.8,11.85,12.2,11.8,12.0,1.69
04112020,52.04,12.0,12.1,12.1,11.65,11.7,-2.5
05112020,49.99,11.7,11.8,12.05,11.4,11.5,-1.71
06112020,52.48,11.5,11.9,12.3,11.55,11.6,0.87
09112020,61.43,11.6,11.75,11.75,11.2,11.3,-2.59
10112020,75.68,11.3,11.5,11.55,10.7,10.8,-4.42
11112020,62.32,10.8,10.8,11.15,10.4,10.5,-2.78
12112020,54.8,10.5,10.5,10.9,10.4,10.5,0.0
13112020,59.09,10.5,10.45,10.7,10.45,10.5,0.0
16112020,79.94,10.5,10.75,10.75,10.5,10.65,1.43
17112020,66.47,10.65,10.8,10.8,10.35,10.45,-1.88
18112020,64.19,10.45,10.55,10.55,10.2,10.25,-1.91
19112020,39.06,10.25,10.25,11.25,10.1,10.35,0.98
20112020,54.57,10.35,10.4,10.55,10.2,10.25,-0.97
23112020,53.38,10.25,10.35,10.55,10.15,10.25,0.0
24112020,46.52,10.25,10.35,10.7,10.15,10.2,-0.49
25112020,58.74,10.2,10.45,10.45,10.1,10.2,0.0
26112020,52.98,10.2,10.15,10.4,10.15,10.2,0.0
27112020,62.79,10.2,10.25,10.25,10.1,10.2,0.0
30112020,62.79,10.2,10.25,10.25,10.1,10.2,0.0
01122020,77.52,10.2,10.3,10.35,10.05,10.1,-0.98
02122020,57.78,10.1,10.15,10.25,10.05,10.15,0.5
03122020,50.91,10.15,10.25,11.1,10.15,10.75,5.91
04122020,50.71,10.75,11.0,11.35,10.65,10.95,1.86
07122020,49.15,10.95,11.0,11.7,11.0,11.45,4.57
08122020,58.48,11.45,11.55,12.0,10.8,11.2,-2.18
09122020,46.02,11.2,11.35,13.4,11.3,13.2,17.86
10122020,48.13,13.2,12.75,12.75,11.7,12.15,-7.95
11122020,61.39,12.15,12.3,13.85,12.25,13.65,12.35
14122020,54.5,13.65,14.0,15.25,13.8,14.7,7.69
15122020,48.05,14.7,14.75,15.05,13.75,14.8,0.68
16122020,64.11,14.8,15.05,15.2,14.1,14.25,-3.72
17122020,59.68,14.25,14.25,14.75,13.75,13.9,-2.46
18122020,54.06,13.9,14.0,14.7,13.25,14.15,1.8
21122020,57.9,14.15,14.25,14.55,12.4,12.9,-8.83
22122020,47.56,12.9,12.9,14.15,12.5,13.95,8.14
23122020,43.41,13.95,13.95,16.25,13.8,15.55,11.47
24122020,47.77,15.55,16.05,16.2,14.45,14.75,-5.14
25122020,47.77,15.55,16.05,16.2,14.45,14.75,-5.14
28122020,53.2,14.75,13.7,14.75,13.55,13.9,-5.76
29122020,61.43,13.9,14.1,14.3,12.6,12.85,-7.55
30122020,39.45,12.85,13.0,13.5,12.6,13.35,3.89
31122020,62.41,13.35,13.55,13.6,13.15,13.4,0.37
01012021,56.59,13.4,13.65,13.65,13.25,13.4,0.0
04012021,63.11,13.4,13.6,13.65,12.7,13.05,-2.61
05012021,61.31,13.05,13.0,13.05,12.8,12.85,-1.53
06012021,42.46,12.85,13.0,13.3,12.5,12.75,-0.78
07012021,49.69,12.75,12.95,12.95,12.75,12.8,0.39
08012021,48.4,12.8,12.95,13.5,12.6,12.8,0.0
11012021,47.12,12.8,12.9,13.2,12.25,13.0,1.56
12012021,55.17,13.0,12.85,13.05,12.75,12.9,-0.77
13012021,54.92,12.9,13.05,13.2,12.6,12.9,0.0
14012021,63.22,12.9,12.9,13.0,12.65,12.8,-0.78
15012021,59.02,12.8,12.9,12.95,12.6,12.7,-0.78
18012021,47.24,12.7,12.85,12.9,12.2,12.5,-1.57
19012021,57.74,12.5,12.6,13.0,12.55,12.7,1.6
20012021,59.68,12.7,12.7,12.85,12.55,12.65,-0.39
21012021,62.69,12.65,12.8,12.8,12.4,12.45,-1.58
22012021,51.25,12.45,12.4,12.55,11.95,12.15,-2.41
25012021,52.48,12.15,12.2,12.8,12.0,12.55,3.29
27012021,64.15,12.55,12.65,12.7,11.9,12.2,-2.79
28012021,46.29,12.2,12.0,12.45,11.9,12.25,0.41
29012021,67.54,12.25,12.4,12.5,12.1,12.25,0.0
01022021,38.29,12.25,12.2,12.4,11.9,12.2,-0.41
02022021,35.98,12.2,12.35,12.9,12.15,12.45,2.05
03022021,54.53,12.45,12.55,12.7,12.3,12.45,0.0
04022021,42.07,12.45,12.45,12.65,12.35,12.4,-0.4
05022021,54.46,12.4,12.5,12.65,12.15,12.2,-1.61
08022021,64.5,12.2,12.25,12.3,12.0,12.05,-1.23
09022021,71.51,12.05,12.15,12.15,11.8,11.9,-1.24
10022021,53.89,11.9,11.75,12.15,11.75,12.0,0.84
11022021,64.96,12.0,12.0,12.1,11.85,12.0,0.0
12022021,79.77,12.0,12.15,12.15,11.45,11.55,-3.75
15022021,64.03,11.55,11.7,11.7,11.5,11.5,-0.43
16022021,56.09,11.5,11.5,11.75,11.45,11.5,0.0
17022021,37.54,11.5,11.45,12.35,11.2,11.9,3.48
18022021,55.58,11.9,12.5,12.65,12.0,12.15,2.1
19022021,52.04,12.15,12.2,12.2,11.8,11.85,-2.47
22022021,55.48,11.85,11.85,11.95,11.25,11.35,-4.22
23022021,51.89,11.35,11.3,11.55,11.25,11.35,0.0
24022021,66.7,11.35,11.45,11.65,11.25,11.6,2.2
25022021,53.08,11.6,11.65,11.8,11.45,11.55,-0.43
26022021,55.36,11.55,11.45,11.5,11.15,11.3,-2.16
01032021,42.98,11.3,11.5,11.65,11.35,11.4,0.88
02032021,65.76,11.4,11.45,11.55,11.25,11.4,0.0
03032021,59.67,11.4,11.4,11.7,11.4,11.45,0.44
04032021,40.12,11.45,11.35,12.35,11.35,11.7,2.18
05032021,51.18,11.7,11.7,12.0,11.45,11.5,-1.71
08032021,49.07,11.5,11.6,11.7,11.35,11.45,-0.43
09032021,41.02,11.45,11.5,11.75,11.2,11.3,-1.31
10032021,49.91,11.3,11.4,11.5,11.25,11.25,-0.44
11032021,49.91,11.3,11.4,11.5,11.25,11.25,-0.44
12032021,66.69,11.25,11.25,11.45,11.1,11.15,-0.89
15032021,49.57,11.15,11.15,11.2,10.75,10.95,-1.79
16032021,60.34,10.95,10.95,11.05,10.75,10.8,-1.37
17032021,61.83,10.8,10.9,10.9,10.35,10.4,-3.7
18032021,46.53,10.4,10.4,10.6,9.7,10.1,-2.88
19032021,67.36,10.1,9.8,10.15,9.3,9.9,-1.98
22032021,77.46,9.9,10.0,10.3,9.7,9.85,-0.51
23032021,77.74,9.85,9.9,10.0,9.75,9.8,-0.51
24032021,67.54,9.8,9.8,9.9,9.7,9.75,-0.51
25032021,65.96,9.75,9.75,9.8,9.0,9.25,-5.13
26032021,87.59,9.25,9.4,9.6,9.2,9.4,1.62
29032021,87.59,9.25,9.4,9.6,9.2,9.4,1.62
30032021,85.54,9.4,9.6,9.65,9.25,9.35,-0.53
31032021,79.6,9.35,9.35,9.4,9.15,9.25,-1.07
01042021,56.04,9.25,9.25,10.9,9.25,10.3,11.35
02042021,56.04,9.25,9.25,10.9,9.25,10.3,11.35
05042021,43.83,10.3,10.3,10.35,9.8,10.05,-2.43
06042021,44.08,10.05,10.05,10.45,9.95,10.05,0.0
07042021,40.93,10.05,10.2,10.5,10.1,10.2,1.49
08042021,42.76,10.2,10.3,10.4,10.05,10.1,-0.98
09042021,57.98,10.1,10.1,10.1,9.8,9.9,-1.98
12042021,56.36,9.9,9.65,9.85,9.0,9.25,-6.57
13042021,42.5,9.25,9.3,9.5,9.2,9.3,0.54
14042021,42.5,9.25,9.3,9.5,9.2,9.3,0.54
15042021,45.5,9.3,9.2,9.35,9.1,9.2,-1.08
16042021,55.76,9.2,9.2,9.3,9.15,9.2,0.0
19042021,62.35,9.2,9.05,9.15,8.8,8.9,-3.26
20042021,64.39,8.9,8.95,9.1,8.7,8.8,-1.12
21042021,64.39,8.9,8.95,9.1,8.7,8.8,-1.12
22042021,61.99,8.8,9.0,9.65,8.7,9.4,6.82
23042021,60.11,9.4,9.5,9.65,9.3,9.4,0.0
26042021,53.11,9.4,9.45,9.7,9.35,9.4,0.0
27042021,61.16,9.4,9.35,9.65,9.35,9.55,1.6
28042021,58.1,9.55,9.65,9.9,9.3,9.35,-2.09
29042021,51.64,9.35,9.45,9.6,9.25,9.3,-0.53
30042021,54.22,9.3,9.3,9.4,9.2,9.25,-0.54
03052021,56.15,9.25,9.25,10.6,8.85,10.0,8.11
04052021,31.11,10.0,10.1,12.0,9.8,11.85,18.5
05052021,46.52,11.85,12.0,12.55,11.45,11.65,-1.69
06052021,44.3,11.65,11.7,12.1,11.55,11.8,1.29
07052021,35.79,11.8,11.95,12.35,11.65,11.85,0.42
10052021,56.82,11.85,12.0,13.5,11.7,13.25,11.81
11052021,64.56,13.25,12.8,13.8,12.8,13.35,0.75
12052021,65.74,13.35,13.5,13.9,13.0,13.2,-1.12
13052021,65.74,13.35,13.5,13.9,13.0,13.2,-1.12
14052021,62.79,13.2,13.35,13.5,11.9,12.3,-6.82
17052021,61.16,12.3,12.45,13.0,12.15,12.65,2.85
18052021,73.02,12.65,12.9,13.15,12.75,12.9,1.98
19052021,58.69,12.9,12.8,13.0,12.45,12.55,-2.71
20052021,47.65,12.55,12.55,12.85,12.35,12.55,0.0
21052021,41.41,12.55,12.65,13.6,12.65,12.8,1.99
24052021,41.31,12.8,12.9,13.05,12.55,12.85,0.39
25052021,38.4,12.85,12.95,15.4,12.85,15.4,19.84
26052021,36.03,15.4,17.0,17.7,16.3,17.0,10.39
27052021,66.01,17.0,16.5,16.75,15.35,15.55,-8.53
28052021,43.71,15.55,15.7,17.65,14.8,15.9,2.25
31052021,66.07,15.9,15.9,16.15,14.4,14.7,-7.55
01062021,51.35,14.7,14.95,16.15,14.65,15.45,5.1
02062021,63.37,15.45,15.5,15.85,14.95,15.15,-1.94
03062021,60.54,15.15,15.35,15.5,15.15,15.25,0.66
04062021,50.05,15.25,15.3,16.3,15.0,15.95,4.59
07062021,57.51,15.95,16.0,16.25,15.8,15.85,-0.63
08062021,65.3,15.85,16.0,16.1,15.3,15.45,-2.52
09062021,66.18,15.45,15.5,15.7,14.5,14.85,-3.88
10062021,48.57,14.85,14.95,16.25,14.95,15.65,5.39
11062021,64.54,15.65,15.85,16.0,15.35,15.5,-0.96
14062021,56.03,15.5,15.45,15.45,14.35,15.1,-2.58
15062021,52.08,15.1,15.3,16.0,15.1,15.55,2.98
16062021,62.03,15.55,15.5,16.0,15.15,15.25,-1.93
17062021,62.7,15.25,15.1,15.6,14.8,15.0,-1.64
18062021,50.63,15.0,15.15,15.2,13.7,14.8,-1.33
21062021,39.34,14.8,14.8,15.5,14.4,15.0,1.35
22062021,54.8,15.0,15.4,15.4,14.6,14.7,-2.0
23062021,54.75,14.7,14.9,14.9,14.3,14.4,-2.04
24062021,55.97,14.4,14.45,14.6,13.85,13.95,-3.13
25062021,41.09,13.95,14.1,14.35,13.75,14.15,1.43
28062021,39.52,14.15,14.35,14.5,13.95,14.35,1.41
29062021,52.39,14.35,14.35,14.5,13.9,13.95,-2.79
30062021,52.31,13.95,14.2,14.35,13.85,13.9,-0.36
01072021,40.26,13.9,13.35,14.15,12.9,13.7,-1.44
02072021,67.63,13.7,13.85,13.9,13.4,13.5,-1.46
05072021,53.55,13.5,13.55,14.4,13.45,14.0,3.7
06072021,44.4,14.0,14.0,14.65,13.95,14.0,0.0
07072021,52.38,14.0,14.0,14.15,13.85,13.95,-0.36
08072021,39.55,13.95,14.0,14.55,13.9,14.05,0.72
09072021,46.01,14.05,14.1,15.55,13.9,15.2,8.19
12072021,44.15,15.2,15.45,15.45,14.85,15.0,-1.32
13072021,54.24,15.0,15.1,15.25,14.8,14.9,-0.67
14072021,56.57,14.9,14.95,15.15,14.3,14.35,-3.69
15072021,60.09,14.35,14.4,14.8,14.05,14.55,1.39
16072021,55.36,14.55,14.65,14.7,14.3,14.35,-1.37
19072021,45.81,14.35,14.2,14.95,14.15,14.45,0.7
20072021,57.63,14.45,14.6,14.6,13.7,13.95,-3.46
21072021,57.63,14.45,14.6,14.6,13.7,13.95,-3.46
22072021,50.74,13.95,14.0,14.3,13.95,14.05,0.72
23072021,55.4,14.05,14.1,14.15,13.8,13.85,-1.42
26072021,46.68,13.85,13.65,14.4,13.65,14.3,3.25
27072021,48.03,14.3,14.35,14.65,14.1,14.2,-0.7
28072021,68.01,14.2,14.2,14.3,13.75,14.15,-0.35
29072021,67.38,14.15,14.2,14.45,14.1,14.35,1.41
30072021,57.03,14.35,14.45,14.45,13.95,14.05,-2.09
02082021,57.9,14.05,14.3,14.3,14.0,14.05,0.0
03082021,75.55,14.05,14.05,14.2,13.95,14.05,0.0
04082021,59.8,14.05,14.15,14.15,13.35,13.6,-3.2
05082021,55.89,13.6,13.6,13.7,12.5,13.1,-3.68
06082021,60.59,13.1,13.1,13.4,12.9,13.1,0.0
09082021,53.48,13.1,13.1,13.2,12.35,12.55,-4.2
10082021,40.53,12.55,12.45,13.1,11.75,12.3,-1.99
11082021,43.19,12.3,12.3,12.5,11.25,11.85,-3.66
12082021,42.45,11.85,12.0,14.2,11.95,14.0,18.14
13082021,38.29,14.0,13.8,13.8,12.75,13.25,-5.36
16082021,52.01,13.25,13.3,13.35,12.8,12.9,-2.64
17082021,58.65,12.9,12.8,13.05,12.65,12.75,-1.16
18082021,41.57,12.75,12.65,13.7,12.5,13.25,3.92
19082021,41.57,12.75,12.65,13.7,12.5,13.25,3.92
20082021,54.6,13.25,13.15,13.35,12.6,12.85,-3.02
23082021,52.59,12.85,13.1,13.1,12.6,12.85,0.0
24082021,46.39,12.85,13.05,13.15,12.65,12.95,0.78
25082021,61.84,12.95,13.05,13.2,12.8,13.05,0.77
26082021,68.06,13.05,13.05,13.15,12.55,12.75,-2.3
27082021,48.0,12.75,12.7,13.05,12.65,12.75,0.0
30082021,48.37,12.75,12.8,13.05,12.75,12.8,0.39
31082021,52.17,12.8,12.8,12.85,12.45,12.6,-1.56
01092021,62.86,12.6,12.6,12.9,12.6,12.7,0.79
02092021,52.02,12.7,12.8,13.35,12.7,13.05,2.76
03092021,69.2,13.05,13.15,13.5,13.05,13.2,1.15
06092021,63.88,13.2,13.35,13.9,13.2,13.75,4.17
07092021,47.73,13.75,15.45,16.0,14.5,15.55,13.09
08092021,40.41,15.55,15.45,15.8,14.7,14.95,-3.86
09092021,45.32,14.95,15.35,17.9,15.05,17.9,19.73
10092021,45.32,14.95,15.35,17.9,15.05,17.9,19.73
13092021,37.2,17.9,18.5,20.4,17.8,19.35,8.1
14092021,89.53,19.35,20.5,21.25,20.4,21.25,9.82
15092021,45.0,21.25,23.35,23.35,19.8,20.4,-4.0
16092021,58.39,20.4,21.1,21.15,18.7,19.85,-2.7
17092021,46.7,19.85,20.1,21.55,19.15,20.8,4.79
20092021,59.64,20.8,20.35,21.7,19.15,19.45,-6.49
21092021,56.5,19.45,19.5,19.95,18.5,19.55,0.51
22092021,35.26,19.55,21.05,21.5,19.5,19.75,1.02
23092021,45.06,19.75,19.9,20.95,19.65,20.6,4.3
24092021,54.59,20.6,21.2,22.65,20.05,22.0,6.8
27092021,49.04,22.0,22.8,22.95,21.2,21.75,-1.14
28092021,52.38,21.75,21.75,21.95,20.6,21.2,-2.53
29092021,46.5,21.2,21.1,21.5,20.4,20.7,-2.36
30092021,50.25,20.7,20.7,21.3,20.25,20.5,-0.97
01102021,44.97,20.5,20.45,20.95,20.1,20.2,-1.46
04102021,57.27,20.2,20.25,20.65,20.1,20.2,0.0
05102021,52.37,20.2,20.2,20.4,19.55,19.75,-2.23
06102021,49.24,19.75,20.2,20.3,19.15,19.55,-1.01
07102021,44.62,19.55,19.95,20.55,19.55,19.85,1.53
08102021,66.91,19.85,20.1,20.1,19.55,19.65,-1.01
11102021,58.71,19.65,19.9,20.15,19.35,19.55,-0.51
04012022,69.86,17.9,18.1,18.45,17.65,17.85,-0.28
05012022,58.2,17.85,17.85,18.45,17.35,17.6,-1.4
06012022,69.67,17.6,17.5,18.25,17.35,17.7,0.57
07012022,68.51,17.7,17.8,17.95,17.5,17.75,0.28
10012022,76.06,17.75,18.0,18.25,17.9,18.05,1.69
11012022,72.21,18.05,18.4,18.8,17.9,18.05,0.0
12012022,84.79,18.05,18.05,18.4,17.85,17.95,-0.55
13012022,64.89,17.95,18.1,18.55,17.75,17.95,0.0
14012022,71.93,17.95,17.9,18.15,17.1,17.3,-3.62
17012022,67.21,17.3,17.5,17.8,17.35,17.4,0.58
18012022,75.38,17.4,17.5,17.65,17.15,17.5,0.57
19012022,56.69,17.5,17.65,17.65,17.15,17.35,-0.86
20012022,67.67,17.35,17.45,17.7,17.15,17.3,-0.29
21012022,81.3,17.3,17.45,17.45,16.45,16.5,-4.62
24012022,81.56,16.5,16.9,16.9,15.7,15.7,-4.85
25012022,67.91,15.7,15.6,16.0,14.95,15.55,-0.96
27012022,67.03,15.55,15.55,16.0,15.1,15.8,1.61
28012022,75.18,15.8,16.05,16.55,15.9,16.55,4.75
31012022,76.19,16.55,16.9,16.9,16.3,16.35,-1.21
01022022,53.79,16.35,16.5,17.05,15.95,16.6,1.53
02022022,73.74,16.6,16.8,17.4,16.4,17.35,4.52
03022022,79.42,17.35,17.5,17.5,16.9,17.0,-2.02
04022022,77.24,17.0,17.2,17.2,16.5,16.65,-2.06
07022022,68.57,16.65,16.9,16.9,16.0,16.55,-0.6
08022022,63.38,16.55,16.55,16.75,15.95,16.35,-1.21
09022022,72.57,16.35,16.35,16.6,16.1,16.4,0.31
10022022,66.15,16.4,16.45,17.0,16.35,16.55,0.91
11022022,67.94,16.55,16.5,17.35,16.4,16.7,0.91
14022022,62.38,16.7,16.3,16.65,15.05,15.3,-8.38
15022022,61.16,15.3,15.8,15.95,14.5,15.7,2.61
16022022,49.59,15.7,15.7,16.2,15.4,15.6,-0.64
17022022,62.42,15.6,16.0,16.0,15.6,15.7,0.64
18022022,52.58,15.7,15.5,16.7,15.5,16.25,3.5
21022022,89.0,16.25,16.0,16.3,15.85,15.9,-2.15
22022022,88.36,15.9,15.5,15.7,14.8,15.2,-4.4
23022022,68.33,15.2,15.2,15.7,15.1,15.15,-0.33
24022022,73.65,15.15,14.1,14.8,13.7,13.85,-8.58
25022022,69.77,13.85,14.05,14.65,14.0,14.3,3.25
28022022,59.77,14.3,14.3,14.65,14.05,14.45,1.05
01032022,59.77,14.3,14.3,14.65,14.05,14.45,1.05
02032022,83.05,14.45,14.45,14.7,14.25,14.65,1.38
03032022,59.51,14.65,14.75,15.55,14.7,14.9,1.71
04032022,62.54,14.9,14.8,14.8,14.05,14.55,-2.35
07032022,69.2,14.55,14.0,14.2,13.2,14.1,-3.09
08032022,42.47,14.1,14.2,15.4,14.15,15.0,6.38
09032022,52.33,15.0,15.35,15.75,15.0,15.2,1.33
10032022,53.98,15.2,15.55,16.15,15.5,15.8,3.95
11032022,54.82,15.8,15.9,16.0,15.1,15.45,-2.22
14032022,63.68,15.45,15.5,15.9,15.3,15.4,-0.32
15032022,68.83,15.4,15.65,15.65,15.05,15.25,-0.97
16032022,70.94,15.25,15.35,16.1,15.1,16.0,4.92
17032022,66.44,16.0,16.25,16.3,15.8,16.0,0.0
18032022,66.44,16.0,16.25,16.3,15.8,16.0,0.0
21032022,69.66,16.0,16.0,16.15,15.45,15.55,-2.81
22032022,68.78,15.55,15.4,15.65,15.35,15.55,0.0
23032022,81.07,15.55,15.7,15.75,15.2,15.3,-1.61
24032022,39.41,15.3,15.15,16.8,15.15,16.65,8.82
25032022,48.08,16.65,16.75,16.9,16.1,16.2,-2.7
28032022,63.26,16.2,16.4,16.45,15.65,15.75,-2.78
29032022,74.56,15.75,15.95,16.0,15.2,15.3,-2.86
30032022,60.31,15.3,15.4,16.0,15.4,15.8,3.27
31032022,76.04,15.8,16.0,16.95,15.7,16.35,3.48
01042022,62.16,16.35,16.5,16.65,16.3,16.4,0.31
04042022,56.91,16.4,16.35,16.85,16.35,16.45,0.3
05042022,59.86,16.45,16.65,16.8,16.35,16.4,-0.3
06042022,41.76,16.4,16.3,17.8,16.25,16.6,1.22
07042022,51.39,16.6,16.85,18.4,16.75,17.0,2.41
08042022,44.8,17.0,17.15,18.8,17.1,17.9,5.29
11042022,42.67,17.9,18.15,18.55,17.45,17.8,-0.56
12042022,53.15,17.8,18.15,18.15,16.7,16.9,-5.06
13042022,49.05,16.9,17.3,17.7,16.4,17.6,4.14
14042022,49.05,16.9,17.3,17.7,16.4,17.6,4.14
15042022,49.05,16.9,17.3,17.7,16.4,17.6,4.14
18042022,56.12,17.6,17.25,17.45,16.6,16.7,-5.11
19042022,48.99,16.7,16.9,17.0,16.2,16.5,-1.2
20042022,60.79,16.5,16.5,16.8,15.75,16.0,-3.03
21042022,38.79,16.0,16.0,17.25,15.75,16.7,4.37
22042022,42.15,16.7,16.7,17.1,16.5,16.7,0.0
25042022,59.8,16.7,16.65,16.65,16.1,16.25,-2.69
26042022,58.47,16.25,16.5,16.7,16.15,16.25,0.0
27042022,54.02,16.25,16.35,16.8,16.05,16.6,2.15
28042022,45.72,16.6,16.6,17.15,16.05,16.5,-0.6
29042022,65.94,16.5,16.55,16.9,16.35,16.4,-0.61
02052022,67.49,16.4,16.35,16.45,16.05,16.3,-0.61
03052022,67.49,16.4,16.35,16.45,16.05,16.3,-0.61
04052022,73.66,16.3,16.35,16.5,15.5,15.7,-3.68
05052022,69.67,15.7,16.0,16.2,14.9,15.0,-4.46
06052022,61.81,15.0,14.9,15.25,14.3,14.95,-0.33
09052022,57.34,14.95,15.05,15.05,14.4,14.75,-1.34
10052022,50.08,14.75,14.6,15.05,14.6,14.65,-0.68
11052022,67.94,14.65,14.75,14.85,13.7,13.9,-5.12
12052022,64.29,13.9,13.5,13.95,12.65,12.85,-7.55
13052022,44.08,12.85,13.1,13.7,13.1,13.5,5.06
16052022,57.19,13.5,13.8,14.1,13.5,13.95,3.33
17052022,46.07,13.95,14.05,14.95,13.8,14.75,5.73
18052022,57.3,14.75,14.6,14.9,14.1,14.15,-4.07
19052022,60.11,14.15,13.9,14.05,13.6,13.8,-2.47
20052022,65.69,13.8,14.05,14.05,13.4,13.5,-2.17
23052022,48.51,13.5,13.45,14.05,13.25,13.5,0.0
24052022,66.42,13.5,13.75,13.75,13.3,13.35,-1.11
25052022,46.74,13.35,13.7,13.7,12.8,13.05,-2.25
26052022,50.0,13.05,13.0,13.3,12.55,12.95,-0.77
27052022,60.78,12.95,13.25,13.25,12.5,12.6,-2.7
30052022,39.99,12.6,12.65,14.0,12.65,13.4,6.35
31052022,64.19,13.4,13.1,13.5,12.8,13.15,-1.87
01062022,50.39,13.15,13.15,13.35,12.95,13.15,0.0
02062022,49.27,13.15,13.15,13.5,13.05,13.2,0.38
03062022,57.37,13.2,13.05,13.25,12.8,12.9,-2.27
06062022,70.25,12.9,12.8,13.15,12.65,13.05,1.16
07062022,60.93,13.05,13.05,13.15,12.7,12.8,-1.92
08062022,65.16,12.8,12.8,12.95,12.75,12.85,0.39
09062022,74.86,12.85,12.85,12.85,12.5,12.55,-2.33
10062022,76.75,12.55,12.35,12.85,12.35,12.75,1.59
13062022,61.76,12.75,12.5,12.5,12.05,12.25,-3.92
14062022,53.28,12.25,12.5,12.5,12.1,12.1,-1.22
15062022,67.88,12.1,12.1,12.25,11.85,11.95,-1.24
16062022,67.24,11.95,12.05,12.35,10.3,11.05,-7.53
17062022,49.85,11.05,11.0,12.0,10.5,11.35,2.71
20062022,42.81,11.35,11.55,11.55,10.2,10.55,-7.05
21062022,50.21,10.55,10.65,11.9,10.5,11.65,10.43
22062022,57.9,11.65,11.5,11.55,10.5,10.75,-7.73
23062022,53.67,10.75,10.9,11.2,10.8,10.9,1.4
24062022,46.78,10.9,11.2,12.5,11.1,12.05,10.55
27062022,55.57,12.05,13.0,13.2,12.4,12.5,3.73
28062022,60.66,12.5,12.65,13.2,12.2,12.8,2.4
29062022,45.28,12.8,12.8,13.45,12.6,13.3,3.91
30062022,36.52,13.3,13.45,13.65,12.8,12.95,-2.63
01072022,55.09,12.95,12.75,13.0,12.5,12.8,-1.16
04072022,44.99,12.8,12.65,13.9,12.65,13.0,1.56
05072022,58.62,13.0,13.1,13.15,12.0,12.5,-3.85
06072022,52.72,12.5,12.55,12.8,12.25,12.65,1.2
07072022,56.22,12.65,12.75,13.0,12.5,12.6,-0.4
08072022,68.25,12.6,12.6,12.8,12.1,12.2,-3.17
11072022,74.42,12.2,12.35,12.4,11.9,11.95,-2.05
12072022,72.24,11.95,12.0,12.2,11.75,11.9,-0.42
13072022,83.27,11.9,12.0,12.05,11.55,11.7,-1.68
14072022,63.23,11.7,11.75,11.95,11.55,11.6,-0.85
15072022,85.81,11.6,11.65,11.65,11.45,11.5,-0.86
18072022,76.21,11.5,11.65,11.85,11.35,11.5,0.0
19072022,62.65,11.5,11.4,11.6,10.9,11.25,-2.17
20072022,62.78,11.25,11.4,11.55,11.3,11.35,0.89
21072022,66.46,11.35,11.55,11.75,11.4,11.6,2.2
22072022,84.55,11.6,11.7,11.7,11.35,11.4,-1.72
25072022,75.54,11.4,11.45,11.5,11.25,11.35,-0.44
26072022,78.31,11.35,11.3,11.35,10.9,11.0,-3.08
27072022,60.98,11.0,11.1,11.45,10.95,11.35,3.18
28072022,65.33,11.35,11.35,11.4,11.1,11.2,-1.32
29072022,53.11,11.2,11.25,11.45,11.15,11.2,0.0
01082022,62.28,11.2,11.3,11.85,11.2,11.7,4.46
02082022,58.74,11.7,11.7,12.25,11.4,11.65,-0.43
03082022,43.36,11.65,11.75,12.45,11.7,11.95,2.58
04082022,55.03,11.95,12.1,12.4,11.45,11.6,-2.93
05082022,70.25,11.6,11.7,11.7,11.2,11.25,-3.02
10082022,69.78,11.45,11.45,11.55,11.25,11.4,-0.44
11082022,83.57,11.4,11.45,11.55,11.35,11.5,0.88
12082022,56.04,11.5,11.6,11.6,11.25,11.35,-1.3
16082022,69.78,11.35,11.45,11.45,11.25,11.3,-0.44
17082022,55.45,11.3,11.35,11.65,11.3,11.35,0.44
18082022,54.79,11.35,11.3,11.85,11.3,11.45,0.88
19082022,49.71,11.45,11.4,11.8,11.4,11.5,0.44
22082022,45.85,11.5,11.5,11.85,11.35,11.45,-0.43
23082022,44.56,11.45,11.4,11.85,11.4,11.6,1.31
24082022,39.21,11.6,11.6,12.4,11.55,12.3,6.03
25082022,46.69,12.3,12.3,12.8,12.2,12.35,0.41
26082022,42.81,12.35,12.4,13.05,12.15,12.25,-0.81
29082022,53.69,12.25,12.0,12.2,11.8,12.05,-1.63
30082022,55.69,12.05,12.15,12.3,11.95,12.05,0.0
31082022,55.69,12.05,12.15,12.3,11.95,12.05,0.0
01092022,45.02,12.05,12.1,14.45,12.05,14.35,19.09
02092022,31.42,14.35,14.4,15.2,13.9,14.2,-1.05
05092022,45.92,14.2,14.3,17.0,14.2,17.0,19.72
06092022,44.18,17.0,17.9,19.2,16.8,18.05,6.18
07092022,59.59,18.05,17.9,18.5,17.7,18.0,-0.28
08092022,64.81,18.0,18.35,18.35,16.8,17.05,-5.28
09092022,63.6,17.05,17.5,17.9,16.8,16.95,-0.59
12092022,56.43,16.95,17.0,17.4,16.5,16.8,-0.88
13092022,53.77,16.8,17.0,17.3,16.7,16.8,0.0
14092022,52.15,16.8,16.5,17.0,16.5,16.65,-0.89
15092022,52.73,16.65,16.95,17.1,16.2,16.3,-2.1
16092022,56.61,16.3,16.35,16.4,15.25,15.35,-5.83
19092022,52.0,15.35,15.5,16.85,15.25,16.8,9.45
20092022,43.93,16.8,17.85,18.45,17.1,17.3,2.98
21092022,57.27,17.3,17.3,19.0,17.3,18.45,6.65
22092022,47.3,18.45,18.5,20.25,18.5,20.25,9.76
23092022,35.04,20.25,22.25,22.25,18.65,18.85,-6.91
26092022,39.45,18.85,18.85,19.25,17.0,17.0,-9.81
27092022,41.43,17.0,17.15,17.35,15.3,15.95,-6.18
28092022,41.09,15.95,15.75,17.15,15.6,16.45,3.13
29092022,33.96,16.45,16.8,18.05,16.45,18.0,9.42
30092022,39.39,18.0,17.75,18.3,16.85,17.6,-2.22
03102022,45.45,17.6,18.3,18.7,17.3,17.45,-0.85
04102022,34.3,17.45,17.9,18.25,17.2,17.75,1.72
05102022,34.3,17.45,17.9,18.25,17.2,17.75,1.72
06102022,52.52,17.75,18.05,18.45,17.5,17.6,-0.85
07102022,44.82,17.6,17.5,18.8,17.5,18.3,3.98
10102022,53.9,18.3,18.0,18.25,17.3,17.55,-4.1
11102022,52.95,17.55,17.6,17.9,15.65,15.85,-9.69
12102022,33.86,15.85,16.0,16.4,15.6,16.1,1.58
13102022,38.96,16.1,16.05,16.85,16.0,16.65,3.42
14102022,38.94,16.65,16.85,17.6,16.7,16.85,1.2
17102022,31.58,16.85,16.85,17.35,16.55,17.2,2.08
18102022,33.06,17.2,17.25,17.65,17.1,17.2,0.0
19102022,38.96,17.2,17.15,17.45,16.8,16.95,-1.45
20102022,34.51,16.95,16.95,17.05,16.6,16.7,-1.47
21102022,35.64,16.7,16.85,17.2,16.45,16.55,-0.9
24102022,64.45,16.55,16.75,16.9,16.4,16.45,-0.6
25102022,42.37,16.45,16.5,16.75,16.35,16.4,-0.3
26102022,42.37,16.45,16.5,16.75,16.35,16.4,-0.3
27102022,35.92,16.4,16.75,16.95,16.35,16.45,0.3
28102022,45.71,16.45,16.5,16.7,15.95,16.25,-1.22
31102022,46.53,16.25,16.4,16.45,15.85,15.9,-2.15
01112022,55.94,15.9,16.0,16.1,15.35,15.6,-1.89
02112022,42.06,15.6,15.65,16.1,15.6,15.75,0.96
03112022,53.76,15.75,15.6,15.85,15.5,15.7,-0.32
04112022,63.38,15.7,15.7,15.85,15.45,15.65,-0.32
07112022,64.58,15.65,15.75,15.8,15.3,15.45,-1.28
08112022,64.58,15.65,15.75,15.8,15.3,15.45,-1.28
09112022,51.83,15.45,15.45,16.6,15.45,15.95,3.24
10112022,57.36,15.95,15.95,16.15,15.5,15.7,-1.57
11112022,66.17,15.7,16.0,16.25,15.45,15.5,-1.27
14112022,67.32,15.5,15.5,15.7,15.35,15.35,-0.97
15112022,64.62,15.35,15.55,15.75,14.75,15.0,-2.28
16112022,52.33,15.0,15.0,16.75,15.0,16.1,7.33
17112022,39.76,16.1,16.1,16.55,15.8,15.85,-1.55
18112022,35.73,15.85,15.9,16.8,15.9,16.35,3.15
21112022,43.67,16.35,16.4,18.1,16.0,17.7,8.26
22112022,43.8,17.7,17.85,18.1,16.9,17.25,-2.54
23112022,34.38,17.25,17.45,18.6,17.25,17.85,3.48
24112022,51.74,17.85,18.05,20.3,17.8,19.65,10.08
25112022,50.15,19.65,19.8,21.6,19.05,21.35,8.65
28112022,46.21,21.35,20.9,21.25,19.55,20.05,-6.09
29112022,47.88,20.05,20.15,20.7,19.15,20.45,2.0
30112022,51.89,20.45,20.55,21.45,20.5,20.6,0.73
01122022,62.5,20.6,21.0,21.4,20.3,20.8,0.97
02122022,49.49,20.8,20.85,24.4,20.5,22.2,6.73
05122022,54.51,22.2,22.55,23.2,22.0,22.35,0.68
06122022,61.8,22.35,22.25,22.35,21.1,21.7,-2.91
07122022,49.33,21.7,21.75,22.4,21.4,21.6,-0.46
08122022,57.04,21.6,21.75,21.9,19.0,21.05,-2.55
09122022,54.0,21.05,21.1,22.35,20.8,21.6,2.61
12122022,67.37,21.6,21.55,21.9,21.1,21.3,-1.39
13122022,59.31,21.3,21.5,21.7,21.0,21.3,0.0
14122022,57.16,21.3,21.35,23.55,21.35,22.25,4.46
15122022,61.52,22.25,22.25,22.65,21.25,21.55,-3.15
16122022,67.52,21.55,21.55,21.8,19.9,20.05,-6.96
19122022,62.0,20.05,20.25,20.45,19.2,20.0,-0.25
20122022,65.7,20.0,19.9,20.2,19.1,19.3,-3.5
21122022,54.71,19.3,19.6,19.7,16.35,18.0,-6.74
22122022,56.45,18.0,18.25,18.75,16.85,17.9,-0.56
23122022,56.17,17.9,17.75,18.35,16.5,16.85,-5.87
26122022,45.96,16.85,17.2,18.6,16.95,18.15,7.72
27122022,47.18,18.15,18.6,18.75,17.95,18.3,0.83
28122022,47.24,18.3,18.25,18.6,17.85,18.15,-0.82
29122022,54.77,18.15,18.05,18.75,17.85,18.55,2.2
30122022,45.57,18.55,18.7,19.3,18.2,18.4,-0.81
02012023,34.76,18.4,18.5,19.15,18.3,18.75,1.9
03012023,41.57,18.75,18.7,19.35,18.7,18.8,0.27
04012023,42.58,18.8,18.85,18.9,18.0,18.15,-3.46
05012023,33.31,18.15,18.25,18.95,17.9,18.8,3.58
06012023,40.12,18.8,18.9,18.95,18.0,18.3,-2.66
09012023,57.48,18.3,18.45,18.5,18.2,18.35,0.27
10012023,46.47,18.35,18.3,18.4,17.5,18.05,-1.63
11012023,34.17,18.05,18.05,18.35,17.8,17.9,-0.83
12012023,41.32,17.9,17.95,18.1,17.7,17.9,0.0
13012023,44.29,17.9,17.85,18.45,17.8,18.2,1.68
16012023,47.24,18.2,18.15,18.25,17.6,17.75,-2.47
17012023,47.24,17.75,17.75,17.8,17.3,17.5,-1.41
18012023,33.73,17.5,17.6,18.1,17.3,17.9,2.29
19012023,48.11,17.9,17.85,17.85,17.4,17.55,-1.96
20012023,34.32,17.55,17.6,18.05,17.2,17.5,-0.28
23012023,47.09,17.5,17.5,17.65,16.65,16.95,-3.14
24012023,46.56,16.95,17.1,17.1,16.5,16.6,-2.06
25012023,45.72,16.6,16.55,16.85,16.1,16.2,-2.41
27012023,46.92,16.2,16.25,16.45,15.35,15.8,-2.47
30012023,45.2,15.8,15.8,16.3,15.1,15.2,-3.8
31012023,43.77,15.2,15.4,16.1,15.2,15.95,4.93
01022023,43.06,15.95,16.3,16.35,14.8,15.3,-4.08
02022023,38.11,15.3,15.35,15.65,15.2,15.35,0.33
03022023,39.29,15.35,15.5,15.6,14.7,15.05,-1.95
06022023,31.38,15.05,15.2,15.55,15.0,15.3,1.66
07022023,36.12,15.3,15.4,15.85,15.0,15.2,-0.65
08022023,30.45,15.2,15.25,15.75,15.0,15.4,1.32
09022023,35.54,15.4,15.4,16.3,15.05,15.8,2.6
10022023,39.67,15.8,15.7,16.05,15.15,15.35,-2.85
13022023,49.96,15.35,14.4,15.15,13.85,14.0,-8.79
14022023,35.56,14.0,14.2,14.75,13.3,14.4,2.86
15022023,38.27,14.4,14.7,15.15,14.5,15.0,4.17
16022023,55.9,15.0,15.0,15.05,14.6,14.7,-2.0
17022023,64.25,14.7,14.65,14.75,14.25,14.3,-2.72
20022023,59.13,14.3,14.4,14.45,13.9,14.0,-2.1
21022023,31.53,14.0,14.1,14.6,13.85,14.0,0.0
22022023,52.55,14.0,13.85,14.15,13.6,13.65,-2.5
23022023,51.28,13.65,13.7,13.8,13.35,13.6,-0.37
24022023,49.33,13.6,13.5,14.65,13.5,14.5,6.62
27022023,54.17,14.5,14.5,14.5,13.85,13.95,-3.79
28022023,30.56,13.95,13.95,14.1,13.8,13.9,-0.36
01032023,37.07,13.9,13.9,15.6,13.85,15.25,9.71
02032023,34.58,15.25,15.3,15.35,14.7,14.85,-2.62
03032023,54.47,14.85,15.0,15.8,14.9,15.55,4.71
06032023,47.28,15.55,15.4,15.9,15.25,15.35,-1.29
07032023,47.28,15.55,15.4,15.9,15.25,15.35,-1.29
08032023,37.97,15.35,15.25,16.25,15.05,16.05,4.56
09032023,44.64,16.05,16.0,16.2,15.75,15.9,-0.93
10032023,44.57,15.9,15.6,16.5,15.45,16.15,1.57
13032023,52.26,16.15,16.3,16.3,15.2,15.4,-4.64
14032023,38.6,15.4,15.4,15.65,14.3,14.95,-2.92
15032023,38.04,14.95,15.05,15.4,14.6,14.75,-1.34
16032023,44.59,14.75,14.6,15.05,14.15,14.85,0.68
17032023,67.82,14.85,14.85,15.05,14.45,14.5,-2.36
20032023,45.47,14.5,14.55,14.55,14.0,14.25,-1.72
21032023,46.52,14.25,14.4,14.65,13.75,13.9,-2.46
22032023,68.82,13.9,14.0,14.6,13.9,14.15,1.8
23032023,54.19,14.15,14.15,14.35,13.95,14.0,-1.06
24032023,78.57,14.0,14.1,14.35,13.65,13.9,-0.71
27032023,86.45,13.9,13.9,14.0,13.1,13.3,-4.32
28032023,71.05,13.3,13.25,13.55,12.4,12.55,-5.64
29032023,60.29,12.55,12.6,13.5,12.4,13.25,5.58
30032023,60.29,12.55,12.6,13.5,12.4,13.25,5.58
31032023,66.79,13.25,13.5,13.8,12.9,13.0,-1.89
03042023,36.46,13.0,13.2,13.5,12.95,13.15,1.15
04042023,36.46,13.0,13.2,13.5,12.95,13.15,1.15
05042023,49.63,13.15,13.1,13.75,12.9,13.0,-1.14
06042023,46.07,13.0,13.15,14.0,13.1,13.5,3.85
07042023,46.07,13.0,13.15,14.0,13.1,13.5,3.85
10042023,34.81,13.5,13.3,13.85,13.3,13.5,0.0
11042023,40.61,13.5,13.5,13.75,13.35,13.5,0.0
12042023,49.15,13.5,13.65,13.65,13.3,13.4,-0.74
13042023,37.77,13.4,13.35,13.5,13.2,13.4,0.0
14042023,37.77,13.4,13.35,13.5,13.2,13.4,0.0
17042023,31.89,13.4,13.4,13.75,13.2,13.45,0.37
18042023,56.38,13.45,13.55,13.55,13.3,13.4,-0.37
19042023,28.53,13.4,13.45,14.0,13.35,13.6,1.49
20042023,40.61,13.6,13.55,13.85,13.4,13.7,0.74
21042023,32.41,13.7,13.7,16.1,13.6,15.75,14.96
24042023,34.99,15.75,15.7,15.7,15.0,15.1,-4.13
25042023,43.27,15.1,15.1,15.45,14.85,15.1,0.0
26042023,40.88,15.1,15.1,15.65,14.9,15.35,1.66
27042023,52.78,15.35,15.15,15.3,14.8,14.85,-3.26
28042023,57.93,14.85,15.0,15.95,14.85,15.6,5.05
01052023,57.93,14.85,15.0,15.95,14.85,15.6,5.05
02052023,47.03,15.6,15.9,16.1,15.7,15.9,1.92
03052023,47.82,15.9,15.85,16.1,15.5,15.75,-0.94
04052023,46.5,15.75,15.85,16.5,15.75,16.25,3.17
05052023,52.65,16.25,16.1,16.3,15.55,16.0,-1.54
08052023,42.27,16.0,16.0,16.15,15.4,15.5,-3.12
09052023,48.83,15.5,15.55,16.05,15.4,15.55,0.32
10052023,37.77,15.55,15.6,15.8,15.1,15.7,0.96
11052023,58.63,15.7,15.7,16.5,15.6,16.3,3.82
12052023,54.25,16.3,16.3,16.45,15.95,16.1,-1.23
15052023,50.14,16.1,15.4,16.75,15.15,16.55,2.8
16052023,46.58,16.55,16.75,17.0,15.6,15.75,-4.83
17052023,47.39,15.75,15.95,16.05,15.2,15.25,-3.17
18052023,47.77,15.25,15.4,15.5,14.8,15.05,-1.31
19052023,39.62,15.05,15.1,15.2,14.65,14.8,-1.66
22052023,51.09,14.8,14.9,14.95,14.45,14.6,-1.35
23052023,46.07,14.6,14.6,14.75,14.3,14.45,-1.03
24052023,35.23,14.45,14.45,14.9,14.3,14.4,-0.35
25052023,57.03,14.4,14.4,14.7,14.1,14.3,-0.69
26052023,51.33,14.3,14.3,14.45,14.1,14.2,-0.7
29052023,52.61,14.2,14.3,14.35,14.0,14.05,-1.06
30052023,44.82,14.05,14.1,14.2,13.9,14.0,-0.36
31052023,40.17,14.0,14.1,14.8,13.95,14.2,1.43
01062023,34.12,14.2,14.25,14.4,14.05,14.15,-0.35
02062023,57.08,14.15,14.1,14.25,14.0,14.0,-1.06
05062023,60.87,14.0,14.15,14.2,13.95,14.0,0.0
06062023,56.15,14.0,14.0,14.05,13.5,13.85,-1.07
07062023,54.69,13.85,13.9,14.05,13.6,13.65,-1.44
08062023,37.1,13.65,13.65,14.85,13.65,14.05,2.93
09062023,52.47,14.05,14.15,14.5,13.8,13.85,-1.42
12062023,68.07,13.85,13.95,14.1,13.65,13.75,-0.72
13062023,43.34,13.75,13.8,15.1,13.8,14.55,5.82
14062023,57.12,14.55,14.65,14.7,13.9,14.0,-3.78
15062023,42.99,14.0,14.0,14.15,13.8,13.85,-1.07
16062023,43.56,13.85,13.95,14.55,13.9,14.3,3.25
19062023,38.37,14.3,14.4,14.4,14.1,14.2,-0.7
20062023,38.86,14.2,14.2,14.95,13.85,14.85,4.58
21062023,33.09,14.85,14.9,15.25,14.5,14.6,-1.68
22062023,41.49,14.6,14.6,16.05,14.55,15.9,8.9
23062023,38.99,15.9,15.7,15.7,14.9,14.95,-5.97
26062023,27.35,14.95,15.05,15.4,14.55,15.3,2.34
27062023,50.96,15.3,15.35,15.5,14.75,15.15,-0.98
28062023,40.98,15.15,15.2,15.2,14.85,14.9,-1.65
29062023,40.98,15.15,15.2,15.2,14.85,14.9,-1.65
30062023,36.43,14.9,14.9,15.1,14.45,14.6,-2.01
03072023,36.53,14.6,14.7,15.0,14.55,14.85,1.71
04072023,36.93,14.85,14.95,16.05,14.85,15.4,3.7
05072023,32.6,15.4,15.6,17.75,15.4,17.6,14.29
06072023,37.2,17.6,17.95,18.7,17.3,17.45,-0.85
07072023,28.24,17.45,17.45,18.5,16.7,18.05,3.44
10072023,31.22,18.05,18.2,18.5,17.5,18.2,0.83
11072023,46.4,18.2,18.3,18.45,17.75,18.2,0.0
12072023,44.12,18.2,18.85,19.3,18.4,18.65,2.47
13072023,45.83,18.65,18.55,18.9,17.4,18.15,-2.68
14072023,49.44,18.15,18.2,19.65,18.05,19.45,7.16
17072023,42.53,19.45,19.55,20.25,19.3,19.75,1.54
18072023,35.15,19.75,19.8,19.85,18.2,18.7,-5.32
19072023,30.93,18.7,18.7,18.95,18.2,18.6,-0.53
20072023,35.35,18.6,18.5,19.75,18.25,19.3,3.76
21072023,26.57,19.3,19.15,19.75,18.8,19.4,0.52
24072023,37.25,19.4,19.4,19.75,18.4,18.55,-4.38
25072023,38.31,18.55,18.65,18.8,17.9,18.1,-2.43
26072023,28.33,18.1,18.15,18.25,17.6,17.7,-2.21
27072023,39.08,17.7,17.8,18.1,17.3,17.5,-1.13
28072023,38.75,17.5,17.55,17.8,17.25,17.5,0.0
31072023,29.88,17.5,17.55,17.8,17.15,17.7,1.14
01082023,42.5,17.7,17.75,18.2,17.5,17.95,1.41
02082023,33.88,17.95,17.85,18.4,17.05,17.4,-3.06
03082023,22.72,17.4,17.4,17.7,17.1,17.35,-0.29
04082023,28.86,17.35,17.4,17.85,17.2,17.45,0.58
07082023,49.16,17.45,17.55,17.6,16.55,16.7,-4.3
08082023,33.78,16.7,16.8,17.6,15.25,17.45,4.49
09082023,38.98,17.45,17.95,19.75,17.4,19.45,11.46
10082023,28.93,19.45,19.3,20.7,18.8,20.25,4.11
11082023,38.06,20.25,20.45,20.5,19.25,19.5,-3.7
14082023,29.28,19.5,19.5,19.5,18.5,18.9,-3.08
16082023,33.39,18.9,18.85,19.9,18.65,19.25,1.85
17082023,36.55,19.25,19.2,19.4,18.5,19.0,-1.3
18082023,38.02,19.0,19.0,19.5,18.65,18.8,-1.05
21082023,33.48,18.8,18.85,19.15,18.2,18.5,-1.6
22082023,34.04,18.5,18.75,19.45,18.7,19.05,2.97
23082023,29.64,19.05,19.15,20.45,19.1,19.25,1.05
24082023,36.94,19.25,19.4,19.65,18.9,19.0,-1.3
25082023,29.24,19.0,18.9,19.45,18.6,18.8,-1.05
28082023,34.53,18.8,18.85,19.65,18.65,19.1,1.6
29082023,34.77,19.1,19.2,19.6,18.8,19.0,-0.52
30082023,35.58,19.0,19.1,19.35,18.9,19.15,0.79
31082023,45.36,19.15,20.0,20.15,18.1,18.3,-4.44
01092023,44.97,18.3,18.35,18.6,17.8,18.1,-1.09
04092023,49.23,18.1,18.25,18.4,17.6,17.75,-1.93
05092023,40.23,17.75,18.0,21.3,17.8,21.3,20.0
06092023,32.0,21.3,21.75,22.35,20.85,21.35,0.23
07092023,39.35,21.35,21.45,22.45,21.3,21.95,2.81
08092023,47.95,21.95,22.1,22.15,20.65,20.85,-5.01
11092023,37.24,20.85,21.15,21.55,20.55,21.2,1.68
12092023,44.42,21.2,21.25,21.4,19.0,19.1,-9.91
13092023,31.15,19.1,19.0,19.85,18.75,19.65,2.88
14092023,44.01,19.65,19.85,20.15,19.35,19.45,-1.02
15092023,34.77,19.45,19.6,19.75,19.2,19.6,0.77
18092023,43.2,19.6,19.7,20.1,19.25,19.4,-1.02
19092023,43.2,19.6,19.7,20.1,19.25,19.4,-1.02
20092023,42.76,19.4,19.25,19.55,18.75,19.0,-2.06
21092023,34.79,19.0,18.95,19.25,18.55,18.7,-1.58
22092023,38.96,18.7,18.7,18.9,18.2,18.4,-1.6
25092023,40.98,18.4,18.45,18.6,18.1,18.2,-1.09
26092023,32.54,18.2,18.3,19.15,18.15,18.4,1.1
27092023,32.18,18.4,18.45,18.75,18.25,18.65,1.36
28092023,35.95,18.65,18.8,18.9,18.3,18.4,-1.34
29092023,37.74,18.4,18.5,18.7,18.2,18.3,-0.54
03102023,37.91,18.3,18.4,18.5,18.1,18.15,-0.82
04102023,36.43,18.15,18.15,18.2,17.6,17.8,-1.93
05102023,24.5,17.8,17.9,18.45,17.8,18.0,1.12
06102023,41.33,18.0,18.1,18.15,17.75,17.9,-0.56
09102023,34.29,17.9,17.75,17.75,17.1,17.3,-3.35
10102023,34.99,17.3,17.35,17.65,17.3,17.5,1.16
11102023,32.97,17.5,17.6,18.8,17.45,18.5,5.71
12102023,34.35,18.5,18.6,19.25,18.3,18.8,1.62
13102023,39.34,18.8,18.65,18.95,18.35,18.45,-1.86
16102023,25.93,18.45,18.5,18.6,18.15,18.5,0.27
17102023,35.21,18.5,18.6,18.8,18.2,18.45,-0.27
18102023,32.43,18.45,18.45,18.7,18.0,18.2,-1.36
19102023,38.1,18.2,18.15,18.2,17.7,17.9,-1.65
20102023,33.0,17.9,17.9,18.25,17.45,17.55,-1.96
23102023,39.64,17.55,17.6,17.7,16.45,16.6,-5.41
24102023,39.64,17.55,17.6,17.7,16.45,16.6,-5.41
25102023,28.48,16.6,16.7,17.1,15.9,16.25,-2.11
26102023,26.85,16.25,16.25,16.5,15.5,16.35,0.62
27102023,36.99,16.35,16.4,17.5,16.4,16.9,3.36
30102023,28.55,16.9,16.9,17.2,16.55,17.05,0.89
31102023,29.77,17.05,17.15,17.25,16.85,16.95,-0.59
01112023,47.93,16.95,17.0,17.25,16.55,16.8,-0.88
02112023,57.05,16.8,16.9,17.1,16.6,16.75,-0.3
03112023,40.7,16.75,16.85,17.4,16.85,17.1,2.09
06112023,37.2,17.1,17.2,18.6,17.05,18.25,6.73
07112023,41.25,18.25,18.35,18.4,17.75,17.9,-1.92
08112023,36.44,17.9,18.0,18.4,17.85,18.2,1.68
09112023,42.06,18.2,18.0,18.3,17.7,17.8,-2.2
10112023,38.3,17.8,17.8,18.2,17.5,17.85,0.28
13112023,44.09,17.85,17.9,18.1,17.7,17.8,-0.28
14112023,44.09,17.85,17.9,18.1,17.7,17.8,-0.28
15112023,47.03,17.8,18.1,18.2,17.6,17.65,-0.84
16112023,39.03,17.65,17.75,19.45,17.7,19.0,7.65
17112023,30.67,19.0,19.35,20.25,18.85,19.35,1.84
20112023,30.72,19.35,19.5,20.1,18.8,19.15,-1.03
21112023,26.68,19.15,19.35,19.55,18.8,19.0,-0.78
22112023,33.93,19.0,19.1,20.15,18.9,19.5,2.63
23112023,34.63,19.5,19.65,20.65,19.2,20.4,4.62
24112023,32.82,20.4,20.6,20.6,19.6,20.0,-1.96
27112023,32.82,20.4,20.6,20.6,19.6,20.0,-1.96
28112023,29.57,20.0,20.0,20.55,19.65,19.85,-0.75
29112023,31.7,19.85,19.95,20.35,19.55,19.65,-1.01
30112023,35.55,19.65,19.95,20.0,18.6,18.75,-4.58
01122023,35.98,18.75,18.9,19.15,18.65,18.75,0.0
04122023,39.96,18.75,19.1,19.25,18.55,18.7,-0.27
05122023,37.45,18.7,18.95,19.2,18.2,18.35,-1.87
06122023,30.42,18.35,18.5,18.9,18.25,18.55,1.09
07122023,28.39,18.55,18.55,19.5,18.45,19.15,3.23
08122023,33.79,19.15,19.15,19.65,18.55,19.35,1.04
11122023,40.4,19.35,19.4,20.3,19.05,20.05,3.62
12122023,34.38,20.05,20.2,21.5,20.1,20.95,4.49
13122023,39.0,20.95,21.0,21.95,20.65,21.15,0.95
14122023,29.76,21.15,21.5,21.75,20.75,21.2,0.24
15122023,33.14,21.2,21.2,21.75,20.75,20.85,-1.65
18122023,35.56,20.85,20.8,21.55,20.35,21.4,2.64
19122023,39.0,21.4,21.5,21.6,20.8,20.9,-2.34
20122023,39.07,20.9,21.0,21.05,18.5,18.8,-10.05
21122023,25.82,18.8,18.5,19.8,18.3,19.65,4.52
22122023,23.99,19.65,19.8,20.1,19.2,19.75,0.51
25122023,23.99,19.65,19.8,20.1,19.2,19.75,0.51
26122023,34.32,19.75,19.85,19.85,19.1,19.35,-2.03
27122023,29.1,19.35,19.45,20.5,19.05,19.25,-0.52
28122023,45.97,19.25,19.4,19.4,18.35,18.5,-3.9
29122023,40.35,18.5,18.6,18.8,18.15,18.3,-1.08
01012024,35.6,18.3,18.4,19.55,18.4,19.35,5.74
02012024,38.91,19.35,19.3,19.45,18.65,19.1,-1.29
03012024,36.65,19.1,19.2,19.25,18.75,18.85,-1.31
04012024,34.27,18.85,19.0,19.85,18.9,19.5,3.45
05012024,36.2,19.5,19.7,21.85,19.65,21.65,11.03
08012024,34.08,21.65,22.05,23.65,21.7,23.05,6.47
09012024,25.91,23.05,22.35,23.1,21.5,22.0,-4.56
10012024,26.46,22.0,22.1,24.15,21.75,23.8,8.18
11012024,39.93,23.8,24.05,24.8,23.4,23.8,0.0
12012024,56.76,23.8,23.9,23.95,22.6,22.8,-4.2
15012024,67.74,22.8,22.95,23.15,20.8,21.0,-7.89
16012024,42.16,21.0,21.2,21.9,20.35,21.25,1.19
17012024,46.31,21.25,20.45,21.75,20.35,20.45,-3.76
18012024,32.95,20.45,20.45,21.65,19.35,21.2,3.67
19012024,55.47,21.2,21.4,21.6,19.9,20.3,-4.25
22012024,38.91,20.3,20.4,20.85,20.35,20.5,0.99
23012024,38.57,20.5,18.5,19.8,18.35,18.8,-8.29
24012024,25.03,18.8,19.1,19.4,18.8,19.25,2.39
25012024,33.77,19.25,19.35,19.65,18.8,19.0,-1.3
29012024,36.67,19.0,19.2,19.75,18.95,19.45,2.37
30012024,25.5,19.45,19.55,20.65,19.25,20.0,2.83
31012024,26.14,20.0,20.1,20.6,19.7,19.85,-0.75
01022024,26.1,19.85,19.9,20.35,19.85,20.15,1.51
02022024,28.0,20.15,20.45,20.9,19.8,19.9,-1.24
05022024,25.14,19.9,20.15,20.6,19.6,19.75,-0.75
06022024,26.65,19.75,19.85,20.05,19.55,19.85,0.51
07022024,33.35,19.85,20.0,21.15,19.95,20.85,5.04
08022024,31.85,20.85,21.3,22.2,20.85,21.8,4.56
09022024,30.75,21.8,22.1,22.75,20.3,21.95,0.69
12022024,30.7,21.95,21.4,22.5,19.2,19.65,-10.48
13022024,20.65,19.65,19.95,20.05,18.8,19.5,-0.76
14022024,23.93,19.5,19.45,20.4,19.15,20.05,2.82
15022024,26.58,20.05,20.25,22.0,20.1,21.5,7.23
16022024,35.96,21.5,21.55,24.4,21.4,23.5,9.3
19022024,26.4,23.5,23.6,24.4,23.0,23.75,1.06
20022024,31.56,23.75,24.0,26.05,23.7,24.75,4.21
21022024,28.13,24.75,24.0,24.65,22.75,23.1,-6.67
22022024,23.54,23.1,23.4,23.9,22.35,23.75,2.81
23022024,31.16,23.75,24.0,24.5,23.35,23.5,-1.05
26022024,33.99,23.5,23.7,23.85,22.5,22.65,-3.62
27022024,37.06,22.65,22.7,22.75,21.75,21.85,-3.53
28022024,25.17,21.85,22.1,22.8,20.7,21.25,-2.75
29022024,23.14,21.25,21.4,21.75,20.65,21.45,0.94
01032024,30.7,21.45,21.8,21.9,20.85,21.0,-2.1
04032024,34.04,21.45,21.7,21.7,20.65,20.8,-3.03
05032024,25.54,20.8,20.75,21.0,20.25,20.4,-1.92
06032024,31.97,20.4,20.4,20.45,19.25,19.6,-3.92
07032024,26.9,19.6,19.6,20.45,19.6,20.15,2.81
08032024,26.9,19.6,19.6,20.45,19.6,20.15,2.81
11032024,36.71,20.15,20.2,20.35,19.05,19.2,-4.71
12032024,30.55,19.2,19.3,19.5,18.15,18.55,-3.39
13032024,36.05,18.55,18.65,19.0,16.1,16.4,-11.59
14032024,25.23,16.4,16.5,18.3,16.35,17.7,7.93
15032024,36.24,17.7,17.85,18.2,16.95,17.65,-0.28
18032024,29.02,17.65,17.9,18.0,17.15,17.35,-1.7
19032024,39.57,17.35,17.3,17.85,16.6,16.75,-3.46
20032024,35.22,16.75,17.0,17.15,16.5,16.65,-0.6
21032024,46.89,16.65,17.0,17.65,16.9,17.3,3.9
22032024,25.29,17.3,17.2,18.05,17.0,17.85,3.18
25032024,25.29,17.3,17.2,18.05,17.0,17.85,3.18
26032024,34.11,17.85,17.9,17.95,17.1,17.15,-3.92
27032024,44.87,17.15,17.25,17.4,16.7,16.8,-2.04
28032024,42.36,16.8,17.0,17.25,16.65,16.75,-0.3
29032024,42.36,16.8,17.0,17.25,16.65,16.75,-0.3
01042024,29.54,16.75,16.9,17.9,16.9,17.8,6.27
02042024,29.42,17.8,17.8,18.25,17.45,18.15,1.97
03042024,28.3,18.15,18.3,19.55,18.2,19.1,5.23
04042024,24.6,19.1,19.3,19.45,18.85,19.25,0.79
05042024,25.07,19.25,19.3,19.3,18.6,18.95,-1.56
08042024,39.91,18.95,19.1,19.15,18.4,18.7,-1.32
09042024,22.48,18.7,18.75,18.85,18.35,18.7,0.0
10042024,20.31,18.7,18.7,18.75,18.4,18.6,-0.53
11042024,20.31,18.7,18.7,18.75,18.4,18.6,-0.53
12042024,28.3,18.6,18.45,18.75,18.0,18.15,-2.42
15042024,17.93,18.15,17.95,17.95,17.35,17.75,-2.2
16042024,22.99,17.75,17.45,18.05,17.35,17.75,0.0
17042024,22.99,17.75,17.45,18.05,17.35,17.75,0.0
18042024,18.25,17.75,17.85,18.2,17.55,17.7,-0.28
19042024,20.72,17.7,17.45,17.6,17.2,17.5,-1.13
22042024,28.02,17.5,17.65,17.9,17.4,17.45,-0.29
23042024,23.93,17.45,17.55,18.35,17.55,18.15,4.01
24042024,23.7,18.15,18.15,18.4,17.85,17.95,-1.1
25042024,24.4,17.95,18.0,18.25,17.85,17.9,-0.28
26042024,19.06,17.9,18.0,18.25,17.85,17.9,0.0
29042024,28.9,17.9,18.0,18.4,17.85,17.9,0.0
30042024,30.4,17.9,17.95,18.05,17.55,17.65,-1.4
01052024,30.4,17.9,17.95,18.05,17.55,17.65,-1.4
02052024,23.62,17.65,17.7,17.8,17.45,17.55,-0.57
03052024,25.93,17.55,17.65,18.35,17.6,17.7,0.85
06052024,31.47,17.7,17.8,17.9,17.05,17.15,-3.11
07052024,32.79,17.15,17.15,17.3,16.55,16.65,-2.92
08052024,33.7,16.65,16.75,16.9,16.55,16.65,0.0
09052024,49.21,16.65,16.65,16.85,15.5,15.7,-5.71
10052024,17.7,15.7,15.8,16.3,15.4,16.2,3.18
13052024,18.09,16.2,16.2,16.25,15.6,16.0,-1.23
14052024,17.5,16.0,16.1,16.45,15.9,16.35,2.19
15052024,28.58,16.35,16.4,17.3,16.35,16.55,1.22
16052024,27.78,16.55,16.6,16.8,16.2,16.3,-1.51
17052024,25.76,16.3,16.35,16.6,16.2,16.4,0.61
20052024,56.81,16.4,16.45,16.6,16.4,16.55,0.91
21052024,30.31,16.55,16.55,16.8,16.35,16.45,-0.6
22052024,24.23,16.45,16.5,16.75,16.2,16.6,0.91
23052024,33.58,16.6,16.65,16.9,16.5,16.8,1.2
24052024,33.37,16.8,16.75,17.3,16.65,17.1,1.79
27052024,32.8,17.1,17.25,17.25,16.5,16.55,-3.22
28052024,35.65,16.55,16.45,16.45,15.7,15.8,-4.53
29052024,22.37,15.8,15.7,16.15,15.45,15.75,-0.32
30052024,30.66,15.75,15.7,16.0,15.4,15.5,-1.59
31052024,35.67,15.5,15.6,15.7,15.0,15.15,-2.26
03062024,38.04,15.15,15.6,15.8,15.0,15.1,-0.33
04062024,30.64,15.1,15.0,15.05,12.85,13.85,-8.28
05062024,31.02,13.85,14.0,14.4,13.5,14.2,2.53
06062024,27.19,14.2,14.3,15.0,14.3,14.65,3.17
07062024,31.97,14.65,14.75,15.05,14.5,14.95,2.05
10062024,42.93,14.95,15.1,15.2,14.8,14.9,-0.33
11062024,27.74,14.9,15.0,15.38,14.82,15.21,2.08
12062024,28.5,15.21,15.21,17.28,15.16,17.0,11.77
13062024,27.63,17.0,17.14,17.24,16.41,16.54,-2.71
14062024,31.32,16.54,16.61,16.85,16.4,16.59,0.3
17062024,31.32,16.54,16.61,16.85,16.4,16.59,0.3
18062024,39.07,16.59,16.6,16.66,16.2,16.27,-1.93
19062024,26.33,16.27,16.31,16.45,15.78,16.1,-1.04
20062024,35.24,16.1,16.1,16.24,15.91,15.97,-0.81
21062024,26.34,15.97,15.95,16.65,15.87,16.18,1.31
24062024,29.49,16.18,16.25,16.28,16.0,16.04,-0.87
25062024,38.57,16.04,16.14,16.23,15.8,15.91,-0.81
26062024,34.62,15.91,15.91,16.1,15.68,15.73,-1.13
27062024,32.79,15.73,15.75,15.83,15.25,15.38,-2.23
28062024,23.24,15.38,15.45,15.69,15.38,15.5,0.78
01072024,29.28,15.5,15.6,16.04,15.56,15.91,2.65
02072024,31.21,15.91,16.0,16.25,15.61,15.67,-1.51
03072024,32.73,15.67,15.7,15.94,15.7,15.83,1.02
04072024,35.45,15.83,15.95,15.95,15.61,15.65,-1.14
05072024,37.71,15.65,15.65,15.73,15.45,15.53,-0.77
08072024,39.18,15.53,15.6,15.72,15.21,15.25,-1.8
09072024,29.71,15.25,15.3,15.72,15.27,15.38,0.85
10072024,27.87,15.38,15.48,15.48,15.0,15.37,-0.07
11072024,42.58,15.37,15.41,15.49,15.08,15.11,-1.69
12072024,22.01,15.11,15.17,15.41,15.08,15.12,0.07
15072024,24.5,15.12,15.19,15.44,14.93,15.19,0.46
16072024,31.79,15.19,15.15,15.51,15.15,15.22,0.2
17072024,31.79,15.19,15.15,15.51,15.15,15.22,0.2
18072024,34.09,15.22,15.16,15.25,14.93,15.02,-1.31
19072024,40.39,15.02,15.05,15.13,14.89,14.92,-0.67
22072024,37.87,14.92,14.85,15.0,14.71,14.85,-0.47
23072024,26.72,14.85,14.88,15.0,14.59,14.94,0.61
24072024,36.88,14.94,14.94,16.03,14.92,15.91,6.49
25072024,27.25,15.91,15.87,16.48,15.57,15.69,-1.38
26072024,33.01,15.69,15.79,16.07,15.66,15.81,0.76
29072024,31.45,15.81,15.94,16.15,15.74,15.83,0.13
30072024,38.16,15.83,15.82,16.5,15.8,16.2,2.34
31072024,34.31,16.2,16.28,16.59,16.11,16.25,0.31
01082024,42.66,16.25,16.34,16.58,16.04,16.13,-0.74
02082024,25.71,16.13,16.0,16.24,15.78,15.98,-0.93
05082024,39.29,15.98,15.62,15.63,14.83,14.9,-6.76
06082024,24.35,14.9,15.21,15.47,14.75,14.86,-0.27
07082024,30.53,14.86,15.1,15.2,14.8,15.03,1.14
08082024,23.02,15.03,15.03,15.34,14.9,14.94,-0.6
09082024,29.33,14.94,15.24,15.29,14.95,15.01,0.47
12082024,25.79,15.01,15.0,15.05,14.71,14.98,-0.2
13082024,43.68,14.98,15.05,15.14,14.49,14.58,-2.67
14082024,27.53,14.58,14.56,14.76,14.37,14.51,-0.48
16082024,32.42,14.51,14.7,14.73,14.41,14.51,0.0
19082024,36.61,14.51,14.52,14.72,14.5,14.55,0.28
20082024,39.58,14.55,14.63,14.7,14.56,14.58,0.21
21082024,31.01,14.58,14.59,15.13,14.58,15.0,2.88
22082024,41.98,15.0,15.02,15.49,14.96,15.4,2.67
23082024,40.98,15.4,15.4,15.4,15.07,15.11,-1.88
26082024,48.35,15.11,15.15,15.16,14.84,14.87,-1.59
27082024,30.29,14.87,14.8,15.94,14.71,15.47,4.03
28082024,41.4,15.47,15.5,15.55,14.83,14.87,-3.88
29082024,32.05,14.87,14.85,15.08,14.68,14.78,-0.61
30082024,32.07,14.78,14.81,15.0,14.7,14.75,-0.2
02092024,36.78,14.75,14.77,14.9,14.57,14.61,-0.95
03092024,49.01,14.61,14.61,14.74,14.39,14.42,-1.3
04092024,57.33,14.42,14.4,14.59,14.04,14.05,-2.57
05092024,35.82,14.05,14.2,14.4,14.06,14.23,1.28
06092024,57.52,14.23,14.17,14.37,13.77,13.81,-2.95
09092024,26.37,13.81,13.82,14.35,13.68,14.02,1.52
10092024,12.94,14.02,14.15,14.63,14.01,14.11,0.64
11092024,25.9,14.11,14.15,14.29,14.0,14.07,-0.28
12092024,28.8,14.07,14.19,14.25,13.81,13.95,-0.85
13092024,48.69,13.95,14.05,14.22,13.95,14.0,0.36
16092024,29.08,14.0,14.02,14.08,13.92,13.99,-0.07
17092024,43.68,13.99,14.02,14.07,13.77,13.81,-1.29
18092024,38.56,13.81,13.85,13.91,13.73,13.8,-0.07
19092024,58.69,13.8,13.81,13.92,13.37,13.42,-2.75
20092024,34.25,13.42,13.46,13.64,13.36,13.48,0.45
23092024,37.52,13.48,13.55,14.03,13.55,13.81,2.45
24092024,41.99,13.81,13.8,13.8,13.53,13.57,-1.74
25092024,24.47,13.57,13.63,14.14,13.62,13.81,1.77
26092024,28.88,13.81,13.85,14.74,13.61,14.22,2.97
27092024,28.45,14.22,14.47,14.94,14.14,14.24,0.14
30092024,24.28,14.24,14.3,14.47,13.63,14.26,0.14
01102024,35.13,14.26,14.27,15.19,14.24,14.95,4.84
03102024,32.63,14.95,14.98,15.6,14.56,14.79,-1.07
04102024,24.38,14.79,14.81,15.07,14.29,14.37,-2.84
07102024,22.62,14.37,15.0,15.0,13.6,13.87,-3.48
08102024,43.95,13.87,13.8,14.85,13.55,14.51,4.61
09102024,20.38,14.51,14.52,14.76,14.37,14.44,-0.48
10102024,35.79,14.44,14.52,14.66,14.15,14.22,-1.52
11102024,24.12,14.22,14.29,14.34,14.05,14.25,0.21
14102024,32.43,14.25,14.33,14.33,14.03,14.08,-1.19
15102024,29.6,14.08,14.34,14.34,13.7,13.89,-1.35
16102024,24.92,13.89,13.95,14.04,13.76,13.95,0.43
17102024,39.28,13.95,14.0,14.0,13.51,13.59,-2.58
18102024,27.03,13.59,13.59,13.99,13.35,13.86,1.99
21102024,42.05,13.86,13.87,13.95,13.23,13.28,-4.18
22102024,45.64,13.28,13.32,13.39,12.88,12.91,-2.79
23102024,28.28,12.91,12.91,13.11,12.7,12.77,-1.08
24102024,33.07,12.77,12.78,12.93,12.65,12.69,-0.63
25102024,39.04,12.69,12.71,12.79,12.28,12.35,-2.68
28102024,31.67,12.35,12.36,12.65,12.17,12.57,1.78
29102024,42.16,12.57,12.6,12.64,12.34,12.45,-0.95
30102024,26.43,12.45,12.44,12.92,12.38,12.8,2.81
31102024,23.8,12.8,12.79,13.05,12.69,12.91,0.86
01112024,45.18,12.91,13.0,13.24,13.0,13.1,1.47
04112024,30.26,13.1,13.08,13.08,12.6,12.68,-3.21
05112024,25.42,12.68,12.62,12.8,12.51,12.68,0.0
06112024,42.05,12.68,12.68,12.86,12.68,12.71,0.24
07112024,26.15,12.71,12.68,13.1,12.68,12.74,0.24
08112024,36.56,12.74,12.76,12.79,12.46,12.49,-1.96
11112024,54.29,12.49,12.49,12.5,12.25,12.31,-1.44
12112024,30.42,12.31,12.35,12.47,12.08,12.17,-1.14
13112024,25.84,12.17,12.14,12.25,11.7,11.76,-3.37
14112024,30.63,11.76,11.7,11.85,11.21,11.29,-4.0
15112024,30.63,11.76,11.7,11.85,11.21,11.29,-4.0
18112024,39.05,11.29,11.31,11.37,10.65,10.67,-5.49
19112024,31.97,10.67,10.7,11.2,10.67,10.71,0.37
20112024,31.97,10.67,10.7,11.2,10.67,10.71,0.37
21112024,34.75,10.71,10.8,10.8,10.35,10.48,-2.15
22112024,34.27,10.48,10.48,10.58,10.25,10.32,-1.53
25112024,34.55,10.32,10.65,10.68,10.46,10.48,1.55
26112024,37.36,10.48,10.48,10.8,10.47,10.7,2.1
27112024,32.93,10.7,10.75,10.97,10.7,10.76,0.56
28112024,22.7,10.76,10.8,11.52,10.78,10.88,1.12
29112024,26.25,10.88,10.94,11.26,10.69,10.8,-0.74
02122024,22.54,10.8,10.8,11.49,10.49,11.26,4.26
03122024,27.92,11.26,11.29,11.75,11.24,11.37,0.98
04122024,36.16,11.37,11.4,11.69,11.14,11.23,-1.23
05122024,21.59,11.23,11.23,11.62,11.14,11.48,2.23
06122024,35.4,11.48,11.44,11.5,11.19,11.28,-1.74
09122024,38.63,11.28,11.28,11.83,11.23,11.7,3.72
10122024,28.98,11.7,11.7,12.39,11.67,12.26,4.79
11122024,44.9,12.26,12.35,12.49,12.05,12.16,-0.82
12122024,34.04,12.16,12.11,12.19,11.45,11.59,-4.69
13122024,25.02,11.59,11.55,11.64,11.16,11.36,-1.98
16122024,37.45,11.36,11.36,11.6,11.12,11.15,-1.85
17122024,29.34,11.15,11.13,11.29,11.02,11.14,-0.09
18122024,23.24,11.14,11.22,11.22,10.81,10.86,-2.51
19122024,43.85,10.86,10.86,10.97,10.67,10.88,0.18
20122024,34.81,10.88,10.89,11.05,10.77,10.86,-0.18
23122024,27.88,10.86,10.86,10.95,10.51,10.6,-2.39
24122024,35.42,10.6,10.6,10.63,10.42,10.51,-0.85
25122024,35.42,10.6,10.6,10.63,10.42,10.51,-0.85
26122024,28.86,10.51,10.58,10.63,10.35,10.39,-1.14
27122024,38.16,10.39,10.4,10.46,10.15,10.22,-1.64
30122024,44.94,10.22,10.22,10.32,10.01,10.11,-1.08
31122024,48.06,10.11,10.11,10.59,10.0,10.33,2.18
01012025,25.46,10.33,10.4,10.55,10.33,10.43,0.97
02012025,45.23,10.43,10.5,10.51,10.28,10.32,-1.05
03012025,35.85,10.32,10.32,10.6,10.29,10.32,0.0
06012025,44.86,10.32,10.34,10.39,9.9,9.95,-3.59
07012025,41.0,9.95,9.95,10.08,9.81,9.84,-1.11
08012025,29.38,9.84,9.86,10.5,9.72,9.97,1.32
09012025,22.39,9.97,9.97,10.12,9.75,9.83,-1.4
10012025,39.97,9.83,9.8,9.82,8.78,8.86,-9.87
13012025,42.48,8.86,8.86,9.06,8.21,8.27,-6.66
14012025,23.66,8.27,8.36,8.99,8.36,8.83,6.77
15012025,31.07,8.83,8.66,8.95,8.44,8.59,-2.72
16012025,27.28,8.59,8.62,8.96,8.62,8.8,2.44
17012025,31.26,8.8,8.7,8.86,8.69,8.76,-0.45
20012025,31.49,8.76,8.76,9.16,8.73,9.1,3.88
21012025,36.15,9.1,9.1,9.28,8.81,8.88,-2.42
22012025,33.55,8.88,8.86,8.93,8.56,8.66,-2.48
23012025,23.71,8.66,8.6,8.75,8.54,8.71,0.58
24012025,35.74,8.71,8.79,8.8,8.38,8.42,-3.33
27012025,36.52,8.42,8.05,8.3,7.95,7.99,-5.11
28012025,46.5,7.99,8.0,8.13,7.69,7.96,-0.38
29012025,53.75,7.96,7.96,8.35,7.96,8.22,3.27
30012025,60.04,8.22,8.22,8.36,8.15,8.21,-0.12
31012025,60.71,8.21,8.23,8.43,8.16,8.37,1.95
03022025,63.63,8.29,8.2,8.45,8.15,8.36,0.84
04022025,68.24,8.36,8.36,8.65,8.36,8.53,2.03
05022025,35.91,8.53,8.53,8.81,8.53,8.69,1.88
06022025,37.23,8.69,8.7,8.79,8.58,8.66,-0.35
07022025,38.09,8.66,8.79,8.81,8.54,8.58,-0.92
10022025,59.81,8.58,8.55,8.64,8.21,8.29,-3.38
11022025,37.13,8.29,8.3,8.35,7.8,7.89,-4.83
12022025,62.84,7.89,8.05,8.05,7.47,7.77,-1.52
13022025,23.5,7.77,7.94,7.94,7.54,7.73,-0.51
14022025,36.17,7.73,7.73,7.79,7.26,7.35,-4.92
17022025,31.23,7.35,7.26,7.32,6.86,7.1,-3.4
18022025,28.65,7.1,7.2,7.24,6.8,6.88,-3.1
19022025,42.88,6.88,6.76,7.19,6.75,6.93,0.73
20022025,39.96,6.93,6.96,7.1,6.81,7.04,1.59
21022025,43.17,7.04,7.04,7.19,6.8,6.85,-2.7
24022025,60.63,6.85,6.74,6.98,6.63,6.8,-0.73
25022025,31.99,6.8,6.8,7.0,6.72,6.78,-0.29
27022025,48.94,6.78,6.85,6.87,6.6,6.68,-1.47
28022025,46.82,6.68,6.66,6.68,6.37,6.41,-4.04
03032025,36.72,6.41,6.55,6.58,5.98,6.22,-2.96
04032025,57.08,6.22,6.11,6.42,6.08,6.31,1.45
05032025,51.72,6.31,6.34,6.76,6.31,6.68,5.86
06032025,39.16,6.68,6.7,6.87,6.6,6.64,-0.6
07032025,49.55,6.64,6.65,6.89,6.52,6.61,-0.45
10032025,66.9,6.61,6.61,6.7,6.26,6.3,-4.69
11032025,39.85,6.3,6.25,6.41,6.1,6.34,0.63
12032025,64.96,6.34,6.35,6.44,6.07,6.12,-3.47
13032025,59.02,6.12,6.3,6.31,6.0,6.03,-1.47
17032025,49.67,6.03,6.08,6.1,5.77,5.83,-3.32
18032025,56.09,5.83,5.86,6.2,5.86,6.12,4.97
19032025,45.17,6.12,6.14,6.38,6.14,6.18,0.98
20032025,64.1,6.18,6.25,6.33,6.15,6.22,0.65
21032025,64.92,6.22,6.22,6.65,6.19,6.44,3.54
24032025,53.45,6.44,6.48,6.65,6.46,6.5,0.93
25032025,70.93,6.5,6.55,6.59,6.03,6.09,-6.31
26032025,63.13,6.09,6.12,6.13,5.8,5.83,-4.27
27032025,47.75,5.83,5.83,6.0,5.75,5.83,0.0
28032025,47.99,5.83,5.9,6.11,5.55,5.63,-3.43
01042025,32.58,5.63,5.63,6.07,5.63,6.01,6.75
02042025,31.77,6.01,6.05,6.06,5.75,5.98,-0.5
03042025,41.27,5.98,5.88,6.2,5.82,6.09,1.84
04042025,43.14,6.09,6.09,6.11,5.71,5.75,-5.58
07042025,23.64,5.75,5.0,5.58,5.0,5.47,-4.87
08042025,27.15,5.47,5.55,5.7,5.43,5.5,0.55
09042025,32.45,5.5,5.5,5.55,5.35,5.41,-1.64
11042025,41.4,5.41,5.51,5.6,5.4,5.57,2.96
15042025,41.65,5.57,5.65,5.7,5.56,5.67,1.8
21072025,53.09,5.95,6.45,6.54,5.49,5.85,-1.68
22072025,63.98,5.85,5.85,6.02,5.6,5.73,-2.05
23072025,73.19,5.73,5.77,5.8,5.65,5.7,-0.52
24072025,73.21,5.7,5.72,5.84,5.66,5.68,-0.35
25072025,69.82,5.68,5.67,5.72,5.37,5.44,-4.23
28072025,57.58,5.44,5.44,5.59,5.3,5.34,-1.84
29072025,71.34,5.34,5.33,5.48,5.25,5.41,1.31
30072025,66.93,5.41,5.41,5.53,5.35,5.42,0.18
31072025,58.96,5.42,5.37,5.5,5.3,5.4,-0.37
01082025,58.77,5.4,5.37,5.52,5.3,5.35,-0.93
04082025,78.35,5.35,5.4,5.44,5.21,5.29,-1.12
05082025,74.17,5.29,5.29,5.38,5.15,5.2,-1.7
06082025,57.58,5.2,5.2,5.27,5.09,5.15,-0.96
07082025,55.86,5.15,5.15,5.22,5.08,5.19,0.78
08082025,57.58,5.19,5.23,5.23,5.1,5.12,-1.35
11082025,75.83,5.12,5.1,5.12,5.0,5.03,-1.76
12082025,72.67,5.03,5.04,5.11,5.0,5.02,-0.2
13082025,65.1,5.02,5.07,5.1,4.9,4.94,-1.59
14082025,60.81,4.94,5.04,5.04,4.95,4.96,0.4
18082025,66.05,4.96,5.03,5.2,4.93,5.15,3.83
19082025,64.69,5.15,5.3,5.3,5.08,5.13,-0.39
20082025,63.8,5.13,5.12,5.25,5.11,5.22,1.75
21082025,60.56,5.22,5.23,5.29,5.19,5.21,-0.19
22082025,72.72,5.21,5.21,5.22,5.15,5.19,-0.38
25082025,77.83,5.19,5.21,5.22,5.16,5.18,-0.19
26082025,53.95,5.18,5.17,5.17,5.08,5.13,-0.97
28082025,65.58,5.13,5.13,5.15,5.08,5.12,-0.19
29082025,63.53,5.12,5.1,5.15,5.07,5.11,-0.2
01092025,67.53,5.11,5.11,5.14,5.03,5.09,-0.39
02092025,59.94,5.09,5.08,5.15,5.06,5.09,0.0
03092025,70.31,5.09,5.09,5.11,5.06,5.08,-0.2
04092025,70.44,5.08,5.09,5.12,4.06,4.81,-5.31
05092025,38.14,4.81,5.01,5.59,4.94,5.41,12.47
08092025,50.64,5.41,5.57,5.65,5.46,5.53,2.22
09092025,62.41,5.53,5.6,5.6,5.38,5.41,-2.17
10092025,66.67,5.41,5.41,5.45,5.38,5.39,-0.37
11092025,61.7,5.39,5.42,5.7,5.34,5.62,4.27
12092025,44.34,5.62,5.62,5.8,5.48,5.61,-0.18
15092025,67.45,5.61,5.7,5.73,5.61,5.64,0.53
16092025,36.74,5.64,5.66,5.99,5.49,5.7,1.06
17092025,43.86,5.7,5.7,5.97,5.7,5.75,0.88
18092025,55.14,5.75,5.8,5.8,5.6,5.64,-1.91
19092025,62.62,5.64,5.63,5.68,5.43,5.49,-2.66
22092025,57.58,5.49,5.53,5.53,5.33,5.35,-2.55
23092025,36.26,5.35,5.32,5.39,5.31,5.35,0.0
24092025,59.07,5.35,5.34,5.38,5.16,5.17,-3.36
25092025,43.08,5.17,5.17,5.24,5.08,5.15,-0.39
26092025,59.29,5.15,5.15,5.17,5.05,5.08,-1.36
29092025,66.66,5.08,5.08,5.12,4.9,4.91,-3.35
30092025,71.56,4.91,5.0,5.0,4.82,4.85,-1.22
01102025,54.07,4.85,4.9,4.98,4.84,4.95,2.06
03102025,60.09,4.95,4.99,5.01,4.92,4.98,0.61
06102025,62.29,4.98,5.0,5.03,4.9,4.94,-0.8
07102025,71.38,4.94,4.96,4.99,4.84,4.87,-1.42
08102025,44.5,4.87,4.89,4.93,4.82,4.86,-0.21
09102025,49.7,4.86,4.89,4.9,4.82,4.86,0.0
10102025,54.12,4.86,4.86,4.93,4.86,4.91,1.03
13102025,64.86,4.91,4.92,4.92,4.75,4.84,-1.43
14102025,60.92,4.84,4.82,4.84,4.71,4.73,-2.27
15102025,61.88,4.73,4.73,4.79,4.62,4.64,-1.9
16102025,62.57,4.64,4.7,4.7,4.6,4.61,-0.65
17102025,67.39,4.61,4.62,4.64,4.5,4.5,-2.39
20102025,53.72,4.5,4.55,4.55,4.33,4.36,-3.11
21102025,59.63,4.36,4.39,4.55,4.37,4.51,3.44
22102025,59.63,4.36,4.39,4.55,4.37,4.51,3.44
23102025,51.67,4.51,4.53,4.61,4.47,4.5,-0.22
24102025,55.63,4.5,4.5,4.53,4.35,4.41,-2.0
27102025,54.19,4.41,4.44,4.47,4.37,4.43,0.45
28102025,62.9,4.43,4.41,4.44,4.35,4.36,-1.58
29102025,41.6,4.36,4.39,4.57,4.33,4.52,3.67
30102025,46.55,4.52,4.52,4.62,4.47,4.48,-0.88
31102025,50.86,4.48,4.46,4.48,4.43,4.44,-0.89
03112025,61.04,4.44,4.42,4.46,4.38,4.4,-0.9
04112025,55.19,4.4,4.41,4.56,4.41,4.49,2.05
05112025,55.19,4.4,4.41,4.56,4.41,4.49,2.05
06112025,51.41,4.49,4.52,4.55,4.41,4.42,-1.56
07112025,66.17,4.42,4.42,4.44,4.35,4.36,-1.36
10112025,59.66,4.36,4.4,4.41,4.35,4.36,0.0
11112025,94.78,4.36,4.36,4.4,4.35,4.36,0.0
12112025,79.31,4.36,4.39,4.47,4.36,4.4,0.92
13112025,66.34,4.4,4.4,4.53,4.4,4.5,2.27
14112025,38.74,4.5,4.42,4.99,4.42,4.48,-0.44
17112025,59.52,4.48,4.45,4.47,4.4,4.42,-1.34
18112025,72.5,4.42,4.42,4.44,4.35,4.37,-1.13
19112025,80.86,4.37,4.36,4.39,4.28,4.3,-1.6
20112025,71.75,4.3,4.3,4.33,4.22,4.25,-1.16
21112025,68.85,4.25,4.25,4.3,4.18,4.26,0.24
24112025,71.36,4.26,4.23,4.23,4.15,4.17,-2.11
25112025,83.65,4.17,4.17,4.19,4.04,4.06,-2.64
26112025,64.88,4.06,4.06,4.16,4.06,4.13,1.72
27112025,56.9,4.13,4.2,4.28,4.13,4.27,3.39
28112025,57.05,4.27,4.26,4.41,4.21,4.34,1.64
01122025,75.71,4.34,4.39,4.39,4.06,4.08,-5.99
02122025,65.83,4.08,4.08,4.18,4.0,4.13,1.23
03122025,56.32,4.13,4.1,4.12,4.05,4.08,-1.21
04122025,65.63,4.08,4.12,4.14,4.05,4.1,0.49
05122025,76.37,4.1,4.1,4.15,3.99,4.03,-1.71
08122025,75.35,4.03,4.03,4.04,3.78,3.81,-5.46
09122025,74.39,3.81,3.86,4.1,3.78,4.06,6.56
10122025,73.73,4.06,4.09,4.1,3.94,3.96,-2.46
11122025,69.08,3.96,4.0,4.0,3.86,3.88,-2.02
12122025,60.29,3.88,3.87,4.1,3.84,4.05,4.38
15122025,74.57,4.05,4.08,4.08,3.93,3.94,-2.72
16122025,68.6,3.94,3.94,4.02,3.91,4.0,1.52
17122025,72.44,4.0,4.06,4.06,3.85,3.87,-3.25
18122025,62.38,3.87,3.9,3.97,3.84,3.93,1.55
19122025,57.3,3.93,3.96,3.99,3.89,3.95,0.51
22122025,64.85,3.95,3.99,4.01,3.93,3.94,-0.25
23122025,66.08,3.94,3.94,4.04,3.91,4.02,2.03
24122025,76.57,4.02,4.04,4.05,3.91,3.92,-2.49
25122025,76.57,4.02,4.04,4.05,3.91,3.92,-2.49
26122025,75.42,3.92,3.92,3.94,3.85,3.9,-0.51
29122025,66.24,3.9,3.91,4.02,3.87,3.98,2.05
30122025,57.15,3.98,3.98,4.0,3.92,3.97,-0.25
31122025,72.72,3.97,3.95,4.02,3.95,3.98,0.25
01012026,74.92,3.98,3.98,4.06,3.98,4.0,0.5
02012026,69.92,4.0,4.0,4.07,3.95,4.03,0.75
05012026,73.15,4.03,4.03,4.05,3.98,4.03,0.0
06012026,73.14,4.03,4.03,4.1,3.98,4.07,0.99
07012026,46.88,4.07,4.1,4.27,4.04,4.17,2.46
08012026,68.72,4.17,4.17,4.19,3.98,4.0,-4.08
09012026,67.23,4.0,3.98,3.99,3.89,3.94,-1.5
12012026,48.1,3.94,3.93,3.96,3.83,3.88,-1.52
13012026,52.25,3.88,3.88,3.93,3.78,3.82,-1.55
14012026,52.69,3.82,3.83,3.88,3.75,3.83,0.26
15012026,52.69,3.82,3.83,3.88,3.75,3.83,0.26
16012026,56.15,3.83,3.86,3.87,3.74,3.77,-1.57
19012026,73.31,3.77,3.8,3.8,3.65,3.67,-2.65
20012026,61.44,3.67,3.67,3.68,3.44,3.48,-5.18
21012026,49.55,3.48,3.42,3.49,3.29,3.35,-3.74
22012026,50.26,3.35,3.38,3.5,3.35,3.47,3.58
23012026,63.0,3.47,3.45,3.49,3.28,3.32,-4.32
27012026,54.03,3.32,3.32,3.36,3.28,3.33,0.3
28012026,63.66,3.33,3.33,3.43,3.33,3.41,2.4
29012026,52.83,3.41,3.4,3.41,3.33,3.36,-1.47
30012026,59.51,3.36,3.36,3.52,3.3,3.48,3.57
02022026,59.52,3.45,3.48,3.48,2.82,3.33,-3.48
03022026,66.78,3.33,3.44,3.44,3.32,3.35,0.6
04022026,62.22,3.35,3.34,3.46,3.32,3.41,1.79
05022026,67.21,3.41,3.42,3.46,3.36,3.39,-0.59
06022026,63.12,3.39,3.39,3.41,3.34,3.39,0.0
09022026,62.89,3.39,3.39,3.5,3.36,3.46,2.06
10022026,52.29,3.46,3.46,3.66,3.46,3.58,3.47
11022026,55.05,3.58,3.58,3.6,3.44,3.49,-2.51
12022026,57.01,3.49,3.44,3.52,3.32,3.33,-4.58
13022026,61.57,3.33,3.31,3.34,3.26,3.27,-1.8
