date,open,high,low,close,volume
20191001T,90.37,90.37,90.37,90.37,0
20191003T,76.58,76.58,76.58,76.58,0
20191004T,65.91,65.91,65.91,65.91,0
20191007T,73.3,73.3,73.3,73.3,0
20191008T,73.3,73.3,73.3,73.3,0
20191009T,75.2,75.2,75.2,75.2,0
20191010T,66.91,66.91,66.91,66.91,0
20191011T,76.44,76.44,76.44,76.44,0
20191014T,72.03,72.03,72.03,72.03,0
20191015T,84.12,84.12,84.12,84.12,0
20191016T,72.3,72.3,72.3,72.3,0
20191017T,76.79,76.79,76.79,76.79,0
20191018T,90.22,90.22,90.22,90.22,0
20191021T,90.22,90.22,90.22,90.22,0
20191022T,63.77,63.77,63.77,63.77,0
20191023T,68.43,68.43,68.43,68.43,0
20191024T,77.86,77.86,77.86,77.86,0
20191025T,72.66,72.66,72.66,72.66,0
20191028T,89.28,89.28,89.28,89.28,0
20191029T,75.66,75.66,75.66,75.66,0
20191030T,52.95,52.95,52.95,52.95,0
20191031T,81.25,81.25,81.25,81.25,0
20191101T,91.04,91.04,91.04,91.04,0
20191104T,82.78,82.78,82.78,82.78,0
20191105T,69.47,69.47,69.47,69.47,0
20191106T,55.53,55.53,55.53,55.53,0
20191107T,63.44,63.44,63.44,63.44,0
20191108T,67.77,67.77,67.77,67.77,0
20191111T,38.87,38.87,38.87,38.87,0
20191112T,38.87,38.87,38.87,38.87,0
20191113T,72.85,72.85,72.85,72.85,0
20191114T,69.16,69.16,69.16,69.16,0
20191115T,69.65,69.65,69.65,69.65,0
20191118T,67.32,67.32,67.32,67.32,0
20191119T,70.89,70.89,70.89,70.89,0
20191120T,84.62,84.62,84.62,84.62,0
20191121T,70.9,70.9,70.9,70.9,0
20191122T,76.0,76.0,76.0,76.0,0
20191125T,70.69,70.69,70.69,70.69,0
20191126T,73.73,73.73,73.73,73.73,0
20191127T,69.92,69.92,69.92,69.92,0
20191128T,78.7,78.7,78.7,78.7,0
20191129T,82.72,82.72,82.72,82.72,0
20191202T,76.37,76.37,76.37,76.37,0
20191203T,84.76,84.76,84.76,84.76,0
20191204T,71.72,71.72,71.72,71.72,0
20191205T,82.89,82.89,82.89,82.89,0
20191206T,81.06,81.06,81.06,81.06,0
20191209T,67.7,67.7,67.7,67.7,0
20191210T,76.27,76.27,76.27,76.27,0
20191211T,77.57,77.57,77.57,77.57,0
20191212T,88.64,88.64,88.64,88.64,0
20191213T,71.98,71.98,71.98,71.98,0
20191216T,59.04,59.04,59.04,59.04,0
20191217T,66.76,66.76,66.76,66.76,0
20191218T,72.88,72.88,72.88,72.88,0
20191219T,70.92,70.92,70.92,70.92,0
20191220T,72.81,72.81,72.81,72.81,0
20191223T,91.05,91.05,91.05,91.05,0
20191224T,77.61,77.61,77.61,77.61,0
20191225T,77.61,77.61,77.61,77.61,0
20191226T,83.42,83.42,83.42,83.42,0
20191227T,75.9,75.9,75.9,75.9,0
20191230T,83.28,83.28,83.28,83.28,0
20191231T,80.03,80.03,80.03,80.03,0
20200101T,48.1,48.1,48.1,48.1,0
20200102T,85.11,85.11,85.11,85.11,0
20200103T,67.78,67.78,67.78,67.78,0
20200106T,69.04,69.04,69.04,69.04,0
20200107T,79.51,79.51,79.51,79.51,0
20200108T,74.95,74.95,74.95,74.95,0
20200109T,75.45,75.45,75.45,75.45,0
20200110T,78.86,78.86,78.86,78.86,0
20200113T,71.47,71.47,71.47,71.47,0
20200114T,72.93,72.93,72.93,72.93,0
20200115T,68.62,68.62,68.62,68.62,0
20200116T,78.1,78.1,78.1,78.1,0
20200117T,72.82,72.82,72.82,72.82,0
20200120T,58.79,58.79,58.79,58.79,0
20200121T,71.39,71.39,71.39,71.39,0
20200122T,70.7,70.7,70.7,70.7,0
20200123T,66.79,66.79,66.79,66.79,0
20200124T,70.83,70.83,70.83,70.83,0
20200127T,74.64,74.64,74.64,74.64,0
20200128T,88.46,88.46,88.46,88.46,0
20200129T,64.91,64.91,64.91,64.91,0
20200130T,67.64,67.64,67.64,67.64,0
20200131T,86.24,86.24,86.24,86.24,0
20200203T,67.87,67.87,67.87,67.87,0
20200204T,59.86,59.86,59.86,59.86,0
20200205T,80.34,80.34,80.34,80.34,0
20200206T,66.35,66.35,66.35,66.35,0
20200207T,59.34,59.34,59.34,59.34,0
20200210T,67.35,67.35,67.35,67.35,0
20200211T,43.96,43.96,43.96,43.96,0
20200212T,42.86,42.86,42.86,42.86,0
20200213T,53.72,53.72,53.72,53.72,0
20200214T,54.49,54.49,54.49,54.49,0
20200217T,65.4,65.4,65.4,65.4,0
20200218T,90.88,90.88,90.88,90.88,0
20200219T,61.79,61.79,61.79,61.79,0
20200220T,64.76,64.76,64.76,64.76,0
20200221T,64.76,64.76,64.76,64.76,0
20200224T,72.87,72.87,72.87,72.87,0
20200225T,61.07,61.07,61.07,61.07,0
20200226T,56.28,56.28,56.28,56.28,0
20200227T,56.22,56.22,56.22,56.22,0
20200228T,74.44,74.44,74.44,74.44,0
20200302T,67.82,67.82,67.82,67.82,0
20200303T,64.73,64.73,64.73,64.73,0
20200304T,67.71,67.71,67.71,67.71,0
20200305T,80.83,80.83,80.83,80.83,0
20200306T,63.83,63.83,63.83,63.83,0
20200309T,75.56,75.56,75.56,75.56,0
20200310T,75.56,75.56,75.56,75.56,0
20200311T,75.58,75.58,75.58,75.58,0
20200312T,71.4,71.4,71.4,71.4,0
20200313T,67.23,67.23,67.23,67.23,0
20200316T,85.35,85.35,85.35,85.35,0
20200317T,82.37,82.37,82.37,82.37,0
20200318T,89.07,89.07,89.07,89.07,0
20200319T,81.79,81.79,81.79,81.79,0
20200320T,81.0,81.0,81.0,81.0,0
20200323T,96.0,96.0,96.0,96.0,0
20200324T,83.14,83.14,83.14,83.14,0
20200325T,82.8,82.8,82.8,82.8,0
20200326T,82.12,82.12,82.12,82.12,0
20200327T,98.24,98.24,98.24,98.24,0
20200330T,88.18,88.18,88.18,88.18,0
20200331T,74.84,74.84,74.84,74.84,0
20200401T,75.33,75.33,75.33,75.33,0
20200402T,75.33,75.33,75.33,75.33,0
20200403T,69.59,69.59,69.59,69.59,0
20200406T,69.59,69.59,69.59,69.59,0
20200407T,87.47,87.47,87.47,87.47,0
20200408T,91.61,91.61,91.61,91.61,0
20200409T,95.27,95.27,95.27,95.27,0
20200410T,95.27,95.27,95.27,95.27,0
20200413T,98.06,98.06,98.06,98.06,0
20200415T,76.16,76.16,76.16,76.16,0
20200416T,79.4,79.4,79.4,79.4,0
20200417T,73.72,73.72,73.72,73.72,0
20200420T,87.12,87.12,87.12,87.12,0
20200421T,86.11,86.11,86.11,86.11,0
20200422T,84.2,84.2,84.2,84.2,0
20200423T,81.75,81.75,81.75,81.75,0
20200424T,96.29,96.29,96.29,96.29,0
20200427T,69.85,69.85,69.85,69.85,0
20200428T,80.38,80.38,80.38,80.38,0
20200429T,67.08,67.08,67.08,67.08,0
20200430T,73.06,73.06,73.06,73.06,0
20200501T,73.06,73.06,73.06,73.06,0
20200504T,76.11,76.11,76.11,76.11,0
20200505T,60.92,60.92,60.92,60.92,0
20200506T,85.86,85.86,85.86,85.86,0
20200507T,59.28,59.28,59.28,59.28,0
20200508T,88.22,88.22,88.22,88.22,0
20200511T,76.62,76.62,76.62,76.62,0
20200512T,82.11,82.11,82.11,82.11,0
20200513T,99.04,99.04,99.04,99.04,0
20200514T,97.11,97.11,97.11,97.11,0
20200515T,99.98,99.98,99.98,99.98,0
20200518T,77.8,77.8,77.8,77.8,0
20200519T,84.63,84.63,84.63,84.63,0
20200520T,82.52,82.52,82.52,82.52,0
20200521T,83.49,83.49,83.49,83.49,0
20200522T,80.73,80.73,80.73,80.73,0
20200525T,80.73,80.73,80.73,80.73,0
20200526T,79.53,79.53,79.53,79.53,0
20200527T,78.04,78.04,78.04,78.04,0
20200528T,91.73,91.73,91.73,91.73,0
20200529T,82.31,82.31,82.31,82.31,0
20200601T,91.74,91.74,91.74,91.74,0
20200602T,90.51,90.51,90.51,90.51,0
20200603T,100.0,100.0,100.0,100.0,0
20200604T,100.0,100.0,100.0,100.0,0
20200605T,68.34,68.34,68.34,68.34,0
20200608T,57.05,57.05,57.05,57.05,0
20200609T,78.64,78.64,78.64,78.64,0
20200610T,86.25,86.25,86.25,86.25,0
20200611T,66.66,66.66,66.66,66.66,0
20200612T,36.08,36.08,36.08,36.08,0
20200615T,67.87,67.87,67.87,67.87,0
20200616T,70.9,70.9,70.9,70.9,0
20200617T,54.42,54.42,54.42,54.42,0
20200618T,63.52,63.52,63.52,63.52,0
20200619T,67.92,67.92,67.92,67.92,0
20200622T,61.58,61.58,61.58,61.58,0
20200623T,69.77,69.77,69.77,69.77,0
20200624T,62.71,62.71,62.71,62.71,0
20200625T,75.81,75.81,75.81,75.81,0
20200626T,66.18,66.18,66.18,66.18,0
20200629T,83.25,83.25,83.25,83.25,0
20200630T,70.36,70.36,70.36,70.36,0
20200701T,70.07,70.07,70.07,70.07,0
20200702T,50.18,50.18,50.18,50.18,0
20200703T,70.12,70.12,70.12,70.12,0
20200706T,93.84,93.84,93.84,93.84,0
20200707T,65.25,65.25,65.25,65.25,0
20200708T,60.48,60.48,60.48,60.48,0
20200709T,50.24,50.24,50.24,50.24,0
20200710T,65.75,65.75,65.75,65.75,0
20200713T,64.87,64.87,64.87,64.87,0
20200714T,68.51,68.51,68.51,68.51,0
20200715T,64.26,64.26,64.26,64.26,0
20200716T,66.77,66.77,66.77,66.77,0
20200717T,45.47,45.47,45.47,45.47,0
20200720T,67.95,67.95,67.95,67.95,0
20200721T,74.33,74.33,74.33,74.33,0
20200722T,63.98,63.98,63.98,63.98,0
20200723T,45.55,45.55,45.55,45.55,0
20200724T,35.87,35.87,35.87,35.87,0
20200727T,73.1,73.1,73.1,73.1,0
20200728T,38.46,38.46,38.46,38.46,0
20200729T,58.76,58.76,58.76,58.76,0
20200730T,54.46,54.46,54.46,54.46,0
20200731T,64.55,64.55,64.55,64.55,0
20200803T,81.43,81.43,81.43,81.43,0
20200804T,76.84,76.84,76.84,76.84,0
20200805T,65.68,65.68,65.68,65.68,0
20200806T,63.22,63.22,63.22,63.22,0
20200807T,84.3,84.3,84.3,84.3,0
20200810T,69.02,69.02,69.02,69.02,0
20200811T,71.5,71.5,71.5,71.5,0
20200812T,73.18,73.18,73.18,73.18,0
20200813T,80.18,80.18,80.18,80.18,0
20200814T,62.0,62.0,62.0,62.0,0
20200817T,68.67,68.67,68.67,68.67,0
20200818T,60.72,60.72,60.72,60.72,0
20200819T,52.1,52.1,52.1,52.1,0
20200820T,69.83,69.83,69.83,69.83,0
20200821T,81.16,81.16,81.16,81.16,0
20200824T,74.44,74.44,74.44,74.44,0
20200825T,74.38,74.38,74.38,74.38,0
20200826T,78.98,78.98,78.98,78.98,0
20200827T,82.84,82.84,82.84,82.84,0
20200828T,74.71,74.71,74.71,74.71,0
20200831T,81.97,81.97,81.97,81.97,0
20200901T,67.23,67.23,67.23,67.23,0
20200902T,79.74,79.74,79.74,79.74,0
20200903T,84.0,84.0,84.0,84.0,0
20200904T,82.8,82.8,82.8,82.8,0
20200907T,80.7,80.7,80.7,80.7,0
20200908T,69.83,69.83,69.83,69.83,0
20200909T,69.43,69.43,69.43,69.43,0
20200910T,70.94,70.94,70.94,70.94,0
20200911T,76.21,76.21,76.21,76.21,0
20200914T,82.15,82.15,82.15,82.15,0
20200915T,75.74,75.74,75.74,75.74,0
20200916T,72.52,72.52,72.52,72.52,0
20200917T,78.36,78.36,78.36,78.36,0
20200918T,82.91,82.91,82.91,82.91,0
20200921T,82.19,82.19,82.19,82.19,0
20200922T,70.09,70.09,70.09,70.09,0
20200923T,64.16,64.16,64.16,64.16,0
20200924T,70.23,70.23,70.23,70.23,0
20200925T,66.11,66.11,66.11,66.11,0
20200928T,73.09,73.09,73.09,73.09,0
20200929T,74.59,74.59,74.59,74.59,0
20200930T,72.94,72.94,72.94,72.94,0
20201001T,66.63,66.63,66.63,66.63,0
20201005T,62.26,62.26,62.26,62.26,0
20201006T,57.35,57.35,57.35,57.35,0
20201007T,63.9,63.9,63.9,63.9,0
20201008T,81.58,81.58,81.58,81.58,0
20201009T,81.67,81.67,81.67,81.67,0
20201012T,66.1,66.1,66.1,66.1,0
20201013T,69.05,69.05,69.05,69.05,0
20201014T,69.4,69.4,69.4,69.4,0
20201015T,66.19,66.19,66.19,66.19,0
20201016T,59.97,59.97,59.97,59.97,0
20201019T,79.17,79.17,79.17,79.17,0
20201020T,73.98,73.98,73.98,73.98,0
20201021T,100.0,100.0,100.0,100.0,0
20201022T,100.0,100.0,100.0,100.0,0
20201023T,100.0,100.0,100.0,100.0,0
20201026T,65.75,65.75,65.75,65.75,0
20201027T,76.7,76.7,76.7,76.7,0
20201028T,77.62,77.62,77.62,77.62,0
20201029T,53.19,53.19,53.19,53.19,0
20201030T,62.13,62.13,62.13,62.13,0
20201102T,67.63,67.63,67.63,67.63,0
20201103T,53.84,53.84,53.84,53.84,0
20201104T,68.9,68.9,68.9,68.9,0
20201105T,74.13,74.13,74.13,74.13,0
20201106T,61.18,61.18,61.18,61.18,0
20201109T,76.28,76.28,76.28,76.28,0
20201110T,75.25,75.25,75.25,75.25,0
20201111T,62.24,62.24,62.24,62.24,0
20201112T,69.94,69.94,69.94,69.94,0
20201113T,76.46,76.46,76.46,76.46,0
20201116T,78.22,78.22,78.22,78.22,0
20201117T,79.29,79.29,79.29,79.29,0
20201118T,87.33,87.33,87.33,87.33,0
20201119T,64.09,64.09,64.09,64.09,0
20201120T,73.49,73.49,73.49,73.49,0
20201123T,78.1,78.1,78.1,78.1,0
20201124T,86.42,86.42,86.42,86.42,0
20201125T,65.05,65.05,65.05,65.05,0
20201126T,63.64,63.64,63.64,63.64,0
20201127T,62.3,62.3,62.3,62.3,0
20201130T,62.3,62.3,62.3,62.3,0
20201201T,77.51,77.51,77.51,77.51,0
20201202T,80.76,80.76,80.76,80.76,0
20201203T,73.46,73.46,73.46,73.46,0
20201204T,76.45,76.45,76.45,76.45,0
20201207T,95.26,95.26,95.26,95.26,0
20201208T,65.87,65.87,65.87,65.87,0
20201209T,72.05,72.05,72.05,72.05,0
20201210T,77.77,77.77,77.77,77.77,0
20201211T,70.21,70.21,70.21,70.21,0
20201214T,73.92,73.92,73.92,73.92,0
20201215T,76.42,76.42,76.42,76.42,0
20201216T,59.73,59.73,59.73,59.73,0
20201217T,79.36,79.36,79.36,79.36,0
20201218T,91.15,91.15,91.15,91.15,0
20201221T,85.53,85.53,85.53,85.53,0
20201222T,80.35,80.35,80.35,80.35,0
20201223T,71.93,71.93,71.93,71.93,0
20201224T,69.42,69.42,69.42,69.42,0
20201225T,69.42,69.42,69.42,69.42,0
20201228T,80.14,80.14,80.14,80.14,0
20201229T,52.62,52.62,52.62,52.62,0
20201230T,85.25,85.25,85.25,85.25,0
20201231T,83.41,83.41,83.41,83.41,0
20210101T,81.86,81.86,81.86,81.86,0
20210104T,58.37,58.37,58.37,58.37,0
20210105T,64.96,64.96,64.96,64.96,0
20210106T,67.69,67.69,67.69,67.69,0
20210107T,69.17,69.17,69.17,69.17,0
20210108T,73.62,73.62,73.62,73.62,0
20210111T,80.43,80.43,80.43,80.43,0
20210112T,83.85,83.85,83.85,83.85,0
20210113T,70.52,70.52,70.52,70.52,0
20210114T,80.7,80.7,80.7,80.7,0
20210115T,68.86,68.86,68.86,68.86,0
20210118T,68.35,68.35,68.35,68.35,0
20210119T,77.44,77.44,77.44,77.44,0
20210120T,78.06,78.06,78.06,78.06,0
20210121T,46.57,46.57,46.57,46.57,0
20210122T,77.11,77.11,77.11,77.11,0
20210125T,81.07,81.07,81.07,81.07,0
20210127T,52.97,52.97,52.97,52.97,0
20210128T,72.19,72.19,72.19,72.19,0
20210129T,66.44,66.44,66.44,66.44,0
20210201T,60.67,60.67,60.67,60.67,0
20210202T,72.32,72.32,72.32,72.32,0
20210203T,43.78,43.78,43.78,43.78,0
20210204T,61.18,61.18,61.18,61.18,0
20210205T,66.78,66.78,66.78,66.78,0
20210208T,65.79,65.79,65.79,65.79,0
20210209T,55.92,55.92,55.92,55.92,0
20210210T,56.53,56.53,56.53,56.53,0
20210211T,50.82,50.82,50.82,50.82,0
20210212T,51.55,51.55,51.55,51.55,0
20210215T,74.15,74.15,74.15,74.15,0
20210216T,53.8,53.8,53.8,53.8,0
20210217T,68.94,68.94,68.94,68.94,0
20210218T,66.37,66.37,66.37,66.37,0
20210219T,52.72,52.72,52.72,52.72,0
20210222T,49.97,49.97,49.97,49.97,0
20210223T,51.04,51.04,51.04,51.04,0
20210224T,47.76,47.76,47.76,47.76,0
20210225T,51.45,51.45,51.45,51.45,0
20210226T,59.67,59.67,59.67,59.67,0
20210301T,37.34,37.34,37.34,37.34,0
20210302T,65.44,65.44,65.44,65.44,0
20210303T,46.91,46.91,46.91,46.91,0
20210304T,60.77,60.77,60.77,60.77,0
20210305T,57.38,57.38,57.38,57.38,0
20210308T,36.89,36.89,36.89,36.89,0
20210309T,52.28,52.28,52.28,52.28,0
20210310T,62.56,62.56,62.56,62.56,0
20210311T,62.56,62.56,62.56,62.56,0
20210312T,76.78,76.78,76.78,76.78,0
20210315T,72.29,72.29,72.29,72.29,0
20210316T,69.48,69.48,69.48,69.48,0
20210317T,61.83,61.83,61.83,61.83,0
20210318T,65.06,65.06,65.06,65.06,0
20210319T,28.47,28.47,28.47,28.47,0
20210322T,60.05,60.05,60.05,60.05,0
20210323T,78.33,78.33,78.33,78.33,0
20210324T,68.43,68.43,68.43,68.43,0
20210325T,80.15,80.15,80.15,80.15,0
20210326T,82.22,82.22,82.22,82.22,0
20210329T,82.22,82.22,82.22,82.22,0
20210330T,51.48,51.48,51.48,51.48,0
20210331T,67.92,67.92,67.92,67.92,0
20210401T,31.12,31.12,31.12,31.12,0
20210402T,31.12,31.12,31.12,31.12,0
20210405T,68.36,68.36,68.36,68.36,0
20210406T,50.04,50.04,50.04,50.04,0
20210407T,53.55,53.55,53.55,53.55,0
20210408T,59.55,59.55,59.55,59.55,0
20210409T,51.75,51.75,51.75,51.75,0
20210412T,73.68,73.68,73.68,73.68,0
20210413T,37.53,37.53,37.53,37.53,0
20210414T,37.53,37.53,37.53,37.53,0
20210415T,50.08,50.08,50.08,50.08,0
20210416T,53.76,53.76,53.76,53.76,0
20210419T,51.0,51.0,51.0,51.0,0
20210420T,36.15,36.15,36.15,36.15,0
20210421T,36.15,36.15,36.15,36.15,0
20210422T,53.5,53.5,53.5,53.5,0
20210423T,48.98,48.98,48.98,48.98,0
20210426T,45.85,45.85,45.85,45.85,0
20210427T,60.9,60.9,60.9,60.9,0
20210428T,57.71,57.71,57.71,57.71,0
20210429T,59.86,59.86,59.86,59.86,0
20210430T,39.29,39.29,39.29,39.29,0
20210503T,46.99,46.99,46.99,46.99,0
20210504T,47.79,47.79,47.79,47.79,0
20210505T,53.28,53.28,53.28,53.28,0
20210506T,47.49,47.49,47.49,47.49,0
20210507T,49.68,49.68,49.68,49.68,0
20210510T,53.56,53.56,53.56,53.56,0
20210511T,53.92,53.92,53.92,53.92,0
20210512T,44.05,44.05,44.05,44.05,0
20210513T,44.05,44.05,44.05,44.05,0
20210514T,55.12,55.12,55.12,55.12,0
20210517T,32.72,32.72,32.72,32.72,0
20210518T,44.09,44.09,44.09,44.09,0
20210519T,44.83,44.83,44.83,44.83,0
20210520T,43.29,43.29,43.29,43.29,0
20210521T,56.28,56.28,56.28,56.28,0
20210524T,47.94,47.94,47.94,47.94,0
20210525T,45.61,45.61,45.61,45.61,0
20210526T,43.57,43.57,43.57,43.57,0
20210527T,53.79,53.79,53.79,53.79,0
20210528T,64.26,64.26,64.26,64.26,0
20210531T,42.77,42.77,42.77,42.77,0
20210601T,46.43,46.43,46.43,46.43,0
20210602T,39.82,39.82,39.82,39.82,0
20210603T,39.74,39.74,39.74,39.74,0
20210604T,54.9,54.9,54.9,54.9,0
20210607T,57.25,57.25,57.25,57.25,0
20210608T,46.82,46.82,46.82,46.82,0
20210609T,47.29,47.29,47.29,47.29,0
20210610T,48.41,48.41,48.41,48.41,0
20210611T,57.19,57.19,57.19,57.19,0
20210614T,40.03,40.03,40.03,40.03,0
20210615T,59.63,59.63,59.63,59.63,0
20210616T,58.07,58.07,58.07,58.07,0
20210617T,41.11,41.11,41.11,41.11,0
20210618T,43.0,43.0,43.0,43.0,0
20210621T,45.59,45.59,45.59,45.59,0
20210622T,57.21,57.21,57.21,57.21,0
20210623T,47.5,47.5,47.5,47.5,0
20210624T,43.22,43.22,43.22,43.22,0
20210625T,52.58,52.58,52.58,52.58,0
20210628T,45.52,45.52,45.52,45.52,0
20210629T,39.4,39.4,39.4,39.4,0
20210630T,71.56,71.56,71.56,71.56,0
20210701T,63.61,63.61,63.61,63.61,0
20210702T,66.24,66.24,66.24,66.24,0
20210705T,49.3,49.3,49.3,49.3,0
20210706T,44.14,44.14,44.14,44.14,0
20210707T,48.12,48.12,48.12,48.12,0
20210708T,45.31,45.31,45.31,45.31,0
20210709T,42.94,42.94,42.94,42.94,0
20210712T,51.95,51.95,51.95,51.95,0
20210713T,57.25,57.25,57.25,57.25,0
20210714T,43.18,43.18,43.18,43.18,0
20210715T,50.46,50.46,50.46,50.46,0
20210716T,48.21,48.21,48.21,48.21,0
20210719T,39.08,39.08,39.08,39.08,0
20210720T,46.31,46.31,46.31,46.31,0
20210721T,46.31,46.31,46.31,46.31,0
20210722T,47.91,47.91,47.91,47.91,0
20210723T,45.69,45.69,45.69,45.69,0
20210726T,46.05,46.05,46.05,46.05,0
20210727T,32.86,32.86,32.86,32.86,0
20210728T,46.32,46.32,46.32,46.32,0
20210729T,46.47,46.47,46.47,46.47,0
20210730T,52.38,52.38,52.38,52.38,0
20210802T,52.94,52.94,52.94,52.94,0
20210803T,29.31,29.31,29.31,29.31,0
20210804T,52.37,52.37,52.37,52.37,0
20210805T,47.58,47.58,47.58,47.58,0
20210806T,57.54,57.54,57.54,57.54,0
20210809T,60.94,60.94,60.94,60.94,0
20210810T,60.08,60.08,60.08,60.08,0
20210811T,58.48,58.48,58.48,58.48,0
20210812T,54.05,54.05,54.05,54.05,0
20210813T,67.65,67.65,67.65,67.65,0
20210816T,62.15,62.15,62.15,62.15,0
20210817T,67.31,67.31,67.31,67.31,0
20210818T,63.2,63.2,63.2,63.2,0
20210819T,63.2,63.2,63.2,63.2,0
20210820T,69.83,69.83,69.83,69.83,0
20210823T,49.17,49.17,49.17,49.17,0
20210824T,32.91,32.91,32.91,32.91,0
20210825T,44.06,44.06,44.06,44.06,0
20210826T,39.76,39.76,39.76,39.76,0
20210827T,68.56,68.56,68.56,68.56,0
20210830T,33.19,33.19,33.19,33.19,0
20210831T,47.46,47.46,47.46,47.46,0
20210901T,45.96,45.96,45.96,45.96,0
20210902T,40.93,40.93,40.93,40.93,0
20210903T,39.31,39.31,39.31,39.31,0
20210906T,28.51,28.51,28.51,28.51,0
20210907T,35.59,35.59,35.59,35.59,0
20210908T,43.36,43.36,43.36,43.36,0
20210909T,42.46,42.46,42.46,42.46,0
20210910T,42.46,42.46,42.46,42.46,0
20210913T,46.11,46.11,46.11,46.11,0
20210914T,50.95,50.95,50.95,50.95,0
20210915T,57.95,57.95,57.95,57.95,0
20210916T,49.11,49.11,49.11,49.11,0
20210917T,49.22,49.22,49.22,49.22,0
20210920T,50.0,50.0,50.0,50.0,0
20210921T,36.89,36.89,36.89,36.89,0
20210922T,32.6,32.6,32.6,32.6,0
20210923T,43.33,43.33,43.33,43.33,0
20210924T,33.21,33.21,33.21,33.21,0
20210927T,35.45,35.45,35.45,35.45,0
20210928T,45.51,45.51,45.51,45.51,0
20210929T,31.27,31.27,31.27,31.27,0
20210930T,33.3,33.3,33.3,33.3,0
20211001T,54.91,54.91,54.91,54.91,0
20211004T,41.27,41.27,41.27,41.27,0
20211005T,36.26,36.26,36.26,36.26,0
20211006T,33.41,33.41,33.41,33.41,0
20211007T,43.91,43.91,43.91,43.91,0
20211008T,42.1,42.1,42.1,42.1,0
20211011T,37.15,37.15,37.15,37.15,0
20211012T,52.21,52.21,52.21,52.21,0
20211013T,55.96,55.96,55.96,55.96,0
20211014T,55.3,55.3,55.3,55.3,0
20211015T,55.3,55.3,55.3,55.3,0
20211018T,45.15,45.15,45.15,45.15,0
20211019T,55.59,55.59,55.59,55.59,0
20211020T,47.1,47.1,47.1,47.1,0
20211021T,41.7,41.7,41.7,41.7,0
20211022T,38.29,38.29,38.29,38.29,0
20211025T,37.39,37.39,37.39,37.39,0
20211026T,61.75,61.75,61.75,61.75,0
20211027T,48.52,48.52,48.52,48.52,0
20211028T,55.77,55.77,55.77,55.77,0
20211029T,41.63,41.63,41.63,41.63,0
20211101T,40.07,40.07,40.07,40.07,0
20211102T,39.96,39.96,39.96,39.96,0
20211103T,49.0,49.0,49.0,49.0,0
20211104T,49.0,49.0,49.0,49.0,0
20211105T,70.71,70.71,70.71,70.71,0
20211108T,55.52,55.52,55.52,55.52,0
20211109T,51.12,51.12,51.12,51.12,0
20211110T,60.47,60.47,60.47,60.47,0
20211111T,67.88,67.88,67.88,67.88,0
20211112T,42.77,42.77,42.77,42.77,0
20211115T,63.38,63.38,63.38,63.38,0
20211116T,63.29,63.29,63.29,63.29,0
20211117T,64.0,64.0,64.0,64.0,0
20211118T,43.8,43.8,43.8,43.8,0
20211119T,43.8,43.8,43.8,43.8,0
20211122T,48.01,48.01,48.01,48.01,0
20211123T,54.97,54.97,54.97,54.97,0
20211124T,44.48,44.48,44.48,44.48,0
20211125T,58.98,58.98,58.98,58.98,0
20211126T,47.3,47.3,47.3,47.3,0
20211129T,47.08,47.08,47.08,47.08,0
20211130T,77.72,77.72,77.72,77.72,0
20211201T,47.25,47.25,47.25,47.25,0
20211202T,53.53,53.53,53.53,53.53,0
20211203T,48.9,48.9,48.9,48.9,0
20211206T,27.29,27.29,27.29,27.29,0
20211207T,32.87,32.87,32.87,32.87,0
20211208T,51.16,51.16,51.16,51.16,0
20211209T,58.16,58.16,58.16,58.16,0
20211210T,50.1,50.1,50.1,50.1,0
20211213T,36.91,36.91,36.91,36.91,0
20211214T,51.99,51.99,51.99,51.99,0
20211215T,32.68,32.68,32.68,32.68,0
20211216T,38.89,38.89,38.89,38.89,0
20211217T,43.75,43.75,43.75,43.75,0
20211220T,49.01,49.01,49.01,49.01,0
20211221T,52.16,52.16,52.16,52.16,0
20211222T,39.02,39.02,39.02,39.02,0
20211223T,56.32,56.32,56.32,56.32,0
20211224T,36.04,36.04,36.04,36.04,0
20211227T,45.87,45.87,45.87,45.87,0
20211228T,45.85,45.85,45.85,45.85,0
20211229T,45.36,45.36,45.36,45.36,0
20211230T,33.83,33.83,33.83,33.83,0
20211231T,41.17,41.17,41.17,41.17,0
20220103T,42.53,42.53,42.53,42.53,0
20220104T,37.09,37.09,37.09,37.09,0
20220105T,54.6,54.6,54.6,54.6,0
20220106T,65.99,65.99,65.99,65.99,0
20220107T,46.4,46.4,46.4,46.4,0
20220110T,54.64,54.64,54.64,54.64,0
20220111T,44.72,44.72,44.72,44.72,0
20220112T,61.99,61.99,61.99,61.99,0
20220113T,54.42,54.42,54.42,54.42,0
20220114T,47.27,47.27,47.27,47.27,0
20220117T,58.72,58.72,58.72,58.72,0
20220118T,48.64,48.64,48.64,48.64,0
20220119T,54.49,54.49,54.49,54.49,0
20220120T,43.77,43.77,43.77,43.77,0
20220121T,43.39,43.39,43.39,43.39,0
20220124T,54.45,54.45,54.45,54.45,0
20220125T,41.75,41.75,41.75,41.75,0
20220127T,49.77,49.77,49.77,49.77,0
20220128T,47.3,47.3,47.3,47.3,0
20220131T,58.07,58.07,58.07,58.07,0
20220201T,45.18,45.18,45.18,45.18,0
20220202T,39.11,39.11,39.11,39.11,0
20220203T,56.96,56.96,56.96,56.96,0
20220204T,54.11,54.11,54.11,54.11,0
20220207T,50.92,50.92,50.92,50.92,0
20220208T,46.99,46.99,46.99,46.99,0
20220209T,54.51,54.51,54.51,54.51,0
20220210T,40.34,40.34,40.34,40.34,0
20220211T,46.87,46.87,46.87,46.87,0
20220214T,57.58,57.58,57.58,57.58,0
20220215T,44.32,44.32,44.32,44.32,0
20220216T,40.34,40.34,40.34,40.34,0
20220217T,50.89,50.89,50.89,50.89,0
20220218T,37.12,37.12,37.12,37.12,0
20220221T,56.13,56.13,56.13,56.13,0
20220222T,48.02,48.02,48.02,48.02,0
20220223T,33.56,33.56,33.56,33.56,0
20220224T,59.0,59.0,59.0,59.0,0
20220225T,27.96,27.96,27.96,27.96,0
20220228T,46.93,46.93,46.93,46.93,0
20220301T,46.93,46.93,46.93,46.93,0
20220302T,39.3,39.3,39.3,39.3,0
20220303T,44.11,44.11,44.11,44.11,0
20220304T,44.46,44.46,44.46,44.46,0
20220307T,49.76,49.76,49.76,49.76,0
20220308T,47.15,47.15,47.15,47.15,0
20220309T,42.06,42.06,42.06,42.06,0
20220310T,39.76,39.76,39.76,39.76,0
20220311T,62.64,62.64,62.64,62.64,0
20220314T,63.98,63.98,63.98,63.98,0
20220315T,56.01,56.01,56.01,56.01,0
20220316T,59.4,59.4,59.4,59.4,0
20220317T,28.34,28.34,28.34,28.34,0
20220318T,28.34,28.34,28.34,28.34,0
20220321T,51.31,51.31,51.31,51.31,0
20220322T,53.46,53.46,53.46,53.46,0
20220323T,34.09,34.09,34.09,34.09,0
20220324T,58.13,58.13,58.13,58.13,0
20220325T,67.81,67.81,67.81,67.81,0
20220328T,66.98,66.98,66.98,66.98,0
20220329T,87.04,87.04,87.04,87.04,0
20220330T,29.98,29.98,29.98,29.98,0
20220331T,46.9,46.9,46.9,46.9,0
20220401T,41.45,41.45,41.45,41.45,0
20220404T,38.65,38.65,38.65,38.65,0
20220405T,38.62,38.62,38.62,38.62,0
20220406T,45.05,45.05,45.05,45.05,0
20220407T,36.17,36.17,36.17,36.17,0
20220408T,51.27,51.27,51.27,51.27,0
20220411T,48.31,48.31,48.31,48.31,0
20220412T,56.81,56.81,56.81,56.81,0
20220413T,35.89,35.89,35.89,35.89,0
20220414T,35.89,35.89,35.89,35.89,0
20220415T,35.89,35.89,35.89,35.89,0
20220418T,36.79,36.79,36.79,36.79,0
20220419T,48.3,48.3,48.3,48.3,0
20220420T,63.57,63.57,63.57,63.57,0
20220421T,51.17,51.17,51.17,51.17,0
20220422T,62.09,62.09,62.09,62.09,0
20220425T,49.55,49.55,49.55,49.55,0
20220426T,44.03,44.03,44.03,44.03,0
20220427T,34.57,34.57,34.57,34.57,0
20220428T,56.36,56.36,56.36,56.36,0
20220429T,40.34,40.34,40.34,40.34,0
20220502T,34.1,34.1,34.1,34.1,0
20220503T,34.1,34.1,34.1,34.1,0
20220504T,40.73,40.73,40.73,40.73,0
20220505T,44.84,44.84,44.84,44.84,0
20220506T,66.89,66.89,66.89,66.89,0
20220509T,42.58,42.58,42.58,42.58,0
20220510T,54.7,54.7,54.7,54.7,0
20220511T,42.95,42.95,42.95,42.95,0
20220512T,14.51,14.51,14.51,14.51,0
20220513T,22.39,22.39,22.39,22.39,0
20220516T,35.69,35.69,35.69,35.69,0
20220517T,35.28,35.28,35.28,35.28,0
20220518T,30.67,30.67,30.67,30.67,0
20220519T,40.18,40.18,40.18,40.18,0
20220520T,29.76,29.76,29.76,29.76,0
20220523T,38.34,38.34,38.34,38.34,0
20220524T,43.08,43.08,43.08,43.08,0
20220525T,45.76,45.76,45.76,45.76,0
20220526T,29.77,29.77,29.77,29.77,0
20220527T,36.0,36.0,36.0,36.0,0
20220530T,43.84,43.84,43.84,43.84,0
20220531T,42.66,42.66,42.66,42.66,0
20220601T,37.91,37.91,37.91,37.91,0
20220602T,38.2,38.2,38.2,38.2,0
20220603T,38.65,38.65,38.65,38.65,0
20220606T,35.76,35.76,35.76,35.76,0
20220607T,34.15,34.15,34.15,34.15,0
20220608T,29.54,29.54,29.54,29.54,0
20220609T,36.05,36.05,36.05,36.05,0
20220610T,33.55,33.55,33.55,33.55,0
20220613T,54.15,54.15,54.15,54.15,0
20220614T,23.96,23.96,23.96,23.96,0
20220615T,29.62,29.62,29.62,29.62,0
20220616T,31.95,31.95,31.95,31.95,0
20220617T,46.79,46.79,46.79,46.79,0
20220620T,22.91,22.91,22.91,22.91,0
20220621T,33.03,33.03,33.03,33.03,0
20220622T,44.48,44.48,44.48,44.48,0
20220623T,60.98,60.98,60.98,60.98,0
20220624T,11.38,11.38,11.38,11.38,0
20220627T,24.42,24.42,24.42,24.42,0
20220628T,35.16,35.16,35.16,35.16,0
20220629T,45.49,45.49,45.49,45.49,0
20220630T,43.46,43.46,43.46,43.46,0
20220701T,20.13,20.13,20.13,20.13,0
20220704T,30.91,30.91,30.91,30.91,0
20220705T,42.34,42.34,42.34,42.34,0
20220706T,39.36,39.36,39.36,39.36,0
20220707T,43.38,43.38,43.38,43.38,0
20220708T,33.53,33.53,33.53,33.53,0
20220711T,40.65,40.65,40.65,40.65,0
20220712T,62.51,62.51,62.51,62.51,0
20220713T,67.83,67.83,67.83,67.83,0
20220714T,56.06,56.06,56.06,56.06,0
20220715T,46.78,46.78,46.78,46.78,0
20220718T,39.21,39.21,39.21,39.21,0
20220719T,44.43,44.43,44.43,44.43,0
20220720T,29.54,29.54,29.54,29.54,0
20220721T,40.56,40.56,40.56,40.56,0
20220722T,34.2,34.2,34.2,34.2,0
20220725T,44.39,44.39,44.39,44.39,0
20220726T,45.25,45.25,45.25,45.25,0
20220727T,43.75,43.75,43.75,43.75,0
20220728T,43.91,43.91,43.91,43.91,0
20220729T,56.07,56.07,56.07,56.07,0
20220801T,27.83,27.83,27.83,27.83,0
20220802T,44.55,44.55,44.55,44.55,0
20220803T,51.86,51.86,51.86,51.86,0
20220804T,44.18,44.18,44.18,44.18,0
20220805T,19.57,19.57,19.57,19.57,0
20220810T,43.86,43.86,43.86,43.86,0
20220811T,47.64,47.64,47.64,47.64,0
20220812T,54.2,54.2,54.2,54.2,0
20220816T,49.2,49.2,49.2,49.2,0
20220817T,47.08,47.08,47.08,47.08,0
20220818T,50.52,50.52,50.52,50.52,0
20220819T,30.43,30.43,30.43,30.43,0
20220822T,47.71,47.71,47.71,47.71,0
20220823T,42.16,42.16,42.16,42.16,0
20220824T,45.41,45.41,45.41,45.41,0
20220825T,52.31,52.31,52.31,52.31,0
20220826T,24.84,24.84,24.84,24.84,0
20220829T,34.98,34.98,34.98,34.98,0
20220830T,24.83,24.83,24.83,24.83,0
20220831T,24.83,24.83,24.83,24.83,0
20220901T,37.41,37.41,37.41,37.41,0
20220902T,48.85,48.85,48.85,48.85,0
20220905T,33.62,33.62,33.62,33.62,0
20220906T,41.08,41.08,41.08,41.08,0
20220907T,42.47,42.47,42.47,42.47,0
20220908T,38.08,38.08,38.08,38.08,0
20220909T,37.77,37.77,37.77,37.77,0
20220912T,33.78,33.78,33.78,33.78,0
20220913T,41.61,41.61,41.61,41.61,0
20220914T,36.14,36.14,36.14,36.14,0
20220915T,43.35,43.35,43.35,43.35,0
20220916T,54.72,54.72,54.72,54.72,0
20220919T,30.39,30.39,30.39,30.39,0
20220920T,12.83,12.83,12.83,12.83,0
20220921T,32.77,32.77,32.77,32.77,0
20220922T,26.54,26.54,26.54,26.54,0
20220923T,35.21,35.21,35.21,35.21,0
20220926T,41.46,41.46,41.46,41.46,0
20220927T,22.76,22.76,22.76,22.76,0
20220928T,29.9,29.9,29.9,29.9,0
20220929T,41.64,41.64,41.64,41.64,0
20220930T,37.5,37.5,37.5,37.5,0
20221003T,37.38,37.38,37.38,37.38,0
20221004T,31.48,31.48,31.48,31.48,0
20221005T,31.48,31.48,31.48,31.48,0
20221006T,46.69,46.69,46.69,46.69,0
20221007T,37.79,37.79,37.79,37.79,0
20221010T,46.37,46.37,46.37,46.37,0
20221011T,62.5,62.5,62.5,62.5,0
20221012T,45.82,45.82,45.82,45.82,0
20221013T,48.07,48.07,48.07,48.07,0
20221014T,50.83,50.83,50.83,50.83,0
20221017T,50.08,50.08,50.08,50.08,0
20221018T,39.43,39.43,39.43,39.43,0
20221019T,47.24,47.24,47.24,47.24,0
20221020T,26.15,26.15,26.15,26.15,0
20221021T,41.84,41.84,41.84,41.84,0
20221024T,79.44,79.44,79.44,79.44,0
20221025T,47.89,47.89,47.89,47.89,0
20221026T,47.89,47.89,47.89,47.89,0
20221027T,40.89,40.89,40.89,40.89,0
20221028T,41.51,41.51,41.51,41.51,0
20221031T,19.32,19.32,19.32,19.32,0
20221101T,46.43,46.43,46.43,46.43,0
20221102T,50.74,50.74,50.74,50.74,0
20221103T,54.19,54.19,54.19,54.19,0
20221104T,43.68,43.68,43.68,43.68,0
20221107T,49.53,49.53,49.53,49.53,0
20221108T,49.53,49.53,49.53,49.53,0
20221109T,59.49,59.49,59.49,59.49,0
20221110T,58.63,58.63,58.63,58.63,0
20221111T,39.04,39.04,39.04,39.04,0
20221114T,46.7,46.7,46.7,46.7,0
20221115T,60.71,60.71,60.71,60.71,0
20221116T,50.59,50.59,50.59,50.59,0
20221117T,48.87,48.87,48.87,48.87,0
20221118T,44.39,44.39,44.39,44.39,0
20221121T,60.94,60.94,60.94,60.94,0
20221122T,62.82,62.82,62.82,62.82,0
20221123T,62.05,62.05,62.05,62.05,0
20221124T,68.94,68.94,68.94,68.94,0
20221125T,54.73,54.73,54.73,54.73,0
20221128T,55.92,55.92,55.92,55.92,0
20221129T,50.63,50.63,50.63,50.63,0
20221130T,56.22,56.22,56.22,56.22,0
20221201T,45.88,45.88,45.88,45.88,0
20221202T,58.1,58.1,58.1,58.1,0
20221205T,58.35,58.35,58.35,58.35,0
20221206T,62.18,62.18,62.18,62.18,0
20221207T,37.53,37.53,37.53,37.53,0
20221208T,58.21,58.21,58.21,58.21,0
20221209T,63.29,63.29,63.29,63.29,0
20221212T,66.45,66.45,66.45,66.45,0
20221213T,57.12,57.12,57.12,57.12,0
20221214T,59.9,59.9,59.9,59.9,0
20221215T,55.68,55.68,55.68,55.68,0
20221216T,47.02,47.02,47.02,47.02,0
20221219T,56.56,56.56,56.56,56.56,0
20221220T,47.94,47.94,47.94,47.94,0
20221221T,47.03,47.03,47.03,47.03,0
20221222T,49.52,49.52,49.52,49.52,0
20221223T,52.39,52.39,52.39,52.39,0
20221226T,46.35,46.35,46.35,46.35,0
20221227T,56.76,56.76,56.76,56.76,0
20221228T,48.25,48.25,48.25,48.25,0
20221229T,53.55,53.55,53.55,53.55,0
20221230T,49.06,49.06,49.06,49.06,0
20230102T,53.29,53.29,53.29,53.29,0
20230103T,24.46,24.46,24.46,24.46,0
20230104T,40.56,40.56,40.56,40.56,0
20230105T,43.71,43.71,43.71,43.71,0
20230106T,52.07,52.07,52.07,52.07,0
20230109T,56.61,56.61,56.61,56.61,0
20230110T,42.99,42.99,42.99,42.99,0
20230111T,51.49,51.49,51.49,51.49,0
20230112T,62.89,62.89,62.89,62.89,0
20230113T,52.33,52.33,52.33,52.33,0
20230116T,46.37,46.37,46.37,46.37,0
20230117T,53.12,53.12,53.12,53.12,0
20230118T,50.82,50.82,50.82,50.82,0
20230119T,47.64,47.64,47.64,47.64,0
20230120T,41.29,41.29,41.29,41.29,0
20230123T,42.61,42.61,42.61,42.61,0
20230124T,43.56,43.56,43.56,43.56,0
20230125T,48.74,48.74,48.74,48.74,0
20230127T,50.18,50.18,50.18,50.18,0
20230130T,33.04,33.04,33.04,33.04,0
20230131T,48.92,48.92,48.92,48.92,0
20230201T,60.68,60.68,60.68,60.68,0
20230202T,51.2,51.2,51.2,51.2,0
20230203T,50.08,50.08,50.08,50.08,0
20230206T,52.82,52.82,52.82,52.82,0
20230207T,43.9,43.9,43.9,43.9,0
20230208T,62.19,62.19,62.19,62.19,0
20230209T,58.42,58.42,58.42,58.42,0
20230210T,58.46,58.46,58.46,58.46,0
20230213T,61.12,61.12,61.12,61.12,0
20230214T,70.3,70.3,70.3,70.3,0
20230215T,61.05,61.05,61.05,61.05,0
20230216T,56.52,56.52,56.52,56.52,0
20230217T,57.13,57.13,57.13,57.13,0
20230220T,56.99,56.99,56.99,56.99,0
20230221T,43.94,43.94,43.94,43.94,0
20230222T,45.99,45.99,45.99,45.99,0
20230223T,47.48,47.48,47.48,47.48,0
20230224T,46.94,46.94,46.94,46.94,0
20230227T,67.4,67.4,67.4,67.4,0
20230228T,64.36,64.36,64.36,64.36,0
20230301T,85.52,85.52,85.52,85.52,0
20230302T,46.22,46.22,46.22,46.22,0
20230303T,52.01,52.01,52.01,52.01,0
20230306T,92.97,92.97,92.97,92.97,0
20230307T,92.97,92.97,92.97,92.97,0
20230308T,48.08,48.08,48.08,48.08,0
20230309T,62.36,62.36,62.36,62.36,0
20230310T,50.32,50.32,50.32,50.32,0
20230313T,61.41,61.41,61.41,61.41,0
20230314T,66.08,66.08,66.08,66.08,0
20230315T,63.1,63.1,63.1,63.1,0
20230316T,58.37,58.37,58.37,58.37,0
20230317T,25.69,25.69,25.69,25.69,0
20230320T,58.27,58.27,58.27,58.27,0
20230321T,44.32,44.32,44.32,44.32,0
20230322T,34.98,34.98,34.98,34.98,0
20230323T,59.71,59.71,59.71,59.71,0
20230324T,67.37,67.37,67.37,67.37,0
20230327T,86.43,86.43,86.43,86.43,0
20230328T,58.41,58.41,58.41,58.41,0
20230329T,63.66,63.66,63.66,63.66,0
20230330T,63.66,63.66,63.66,63.66,0
20230331T,46.01,46.01,46.01,46.01,0
20230403T,45.12,45.12,45.12,45.12,0
20230404T,45.12,45.12,45.12,45.12,0
20230405T,57.77,57.77,57.77,57.77,0
20230406T,18.36,18.36,18.36,18.36,0
20230407T,18.36,18.36,18.36,18.36,0
20230410T,50.23,50.23,50.23,50.23,0
20230411T,39.68,39.68,39.68,39.68,0
20230412T,52.16,52.16,52.16,52.16,0
20230413T,38.1,38.1,38.1,38.1,0
20230414T,38.1,38.1,38.1,38.1,0
20230417T,45.66,45.66,45.66,45.66,0
20230418T,48.85,48.85,48.85,48.85,0
20230419T,54.0,54.0,54.0,54.0,0
20230420T,21.12,21.12,21.12,21.12,0
20230421T,50.37,50.37,50.37,50.37,0
20230424T,53.25,53.25,53.25,53.25,0
20230425T,17.56,17.56,17.56,17.56,0
20230426T,37.66,37.66,37.66,37.66,0
20230427T,64.21,64.21,64.21,64.21,0
20230428T,47.31,47.31,47.31,47.31,0
20230501T,47.31,47.31,47.31,47.31,0
20230502T,22.81,22.81,22.81,22.81,0
20230503T,30.71,30.71,30.71,30.71,0
20230504T,38.26,38.26,38.26,38.26,0
20230505T,33.54,33.54,33.54,33.54,0
20230508T,37.16,37.16,37.16,37.16,0
20230509T,50.04,50.04,50.04,50.04,0
20230510T,47.66,47.66,47.66,47.66,0
20230511T,48.53,48.53,48.53,48.53,0
20230512T,33.74,33.74,33.74,33.74,0
20230515T,50.46,50.46,50.46,50.46,0
20230516T,40.11,40.11,40.11,40.11,0
20230517T,39.31,39.31,39.31,39.31,0
20230518T,48.96,48.96,48.96,48.96,0
20230519T,46.39,46.39,46.39,46.39,0
20230522T,35.98,35.98,35.98,35.98,0
20230523T,41.9,41.9,41.9,41.9,0
20230524T,45.13,45.13,45.13,45.13,0
20230525T,40.25,40.25,40.25,40.25,0
20230526T,55.17,55.17,55.17,55.17,0
20230529T,35.17,35.17,35.17,35.17,0
20230530T,36.97,36.97,36.97,36.97,0
20230531T,17.38,17.38,17.38,17.38,0
20230601T,19.46,19.46,19.46,19.46,0
20230602T,22.58,22.58,22.58,22.58,0
20230605T,17.53,17.53,17.53,17.53,0
20230606T,35.11,35.11,35.11,35.11,0
20230607T,48.7,48.7,48.7,48.7,0
20230608T,46.34,46.34,46.34,46.34,0
20230609T,49.53,49.53,49.53,49.53,0
20230612T,50.68,50.68,50.68,50.68,0
20230613T,54.18,54.18,54.18,54.18,0
20230614T,58.08,58.08,58.08,58.08,0
20230615T,38.95,38.95,38.95,38.95,0
20230616T,50.08,50.08,50.08,50.08,0
20230619T,49.85,49.85,49.85,49.85,0
20230620T,31.24,31.24,31.24,31.24,0
20230621T,40.04,40.04,40.04,40.04,0
20230622T,40.75,40.75,40.75,40.75,0
20230623T,43.38,43.38,43.38,43.38,0
20230626T,47.62,47.62,47.62,47.62,0
20230627T,36.42,36.42,36.42,36.42,0
20230628T,36.02,36.02,36.02,36.02,0
20230629T,36.02,36.02,36.02,36.02,0
20230630T,51.71,51.71,51.71,51.71,0
20230703T,45.66,45.66,45.66,45.66,0
20230704T,40.64,40.64,40.64,40.64,0
20230705T,33.3,33.3,33.3,33.3,0
20230706T,39.58,39.58,39.58,39.58,0
20230707T,47.19,47.19,47.19,47.19,0
20230710T,38.23,38.23,38.23,38.23,0
20230711T,38.08,38.08,38.08,38.08,0
20230712T,44.32,44.32,44.32,44.32,0
20230713T,38.41,38.41,38.41,38.41,0
20230714T,32.55,32.55,32.55,32.55,0
20230717T,43.23,43.23,43.23,43.23,0
20230718T,42.92,42.92,42.92,42.92,0
20230719T,39.77,39.77,39.77,39.77,0
20230720T,45.26,45.26,45.26,45.26,0
20230721T,46.67,46.67,46.67,46.67,0
20230724T,47.81,47.81,47.81,47.81,0
20230725T,20.93,20.93,20.93,20.93,0
20230726T,48.91,48.91,48.91,48.91,0
20230727T,48.95,48.95,48.95,48.95,0
20230728T,79.05,79.05,79.05,79.05,0
20230731T,44.58,44.58,44.58,44.58,0
20230801T,53.31,53.31,53.31,53.31,0
20230802T,49.12,49.12,49.12,49.12,0
20230803T,35.53,35.53,35.53,35.53,0
20230804T,51.14,51.14,51.14,51.14,0
20230807T,49.68,49.68,49.68,49.68,0
20230808T,54.6,54.6,54.6,54.6,0
20230809T,41.07,41.07,41.07,41.07,0
20230810T,29.66,29.66,29.66,29.66,0
20230811T,41.48,41.48,41.48,41.48,0
20230814T,31.41,31.41,31.41,31.41,0
20230816T,44.5,44.5,44.5,44.5,0
20230817T,42.4,42.4,42.4,42.4,0
20230818T,38.44,38.44,38.44,38.44,0
20230821T,40.5,40.5,40.5,40.5,0
20230822T,40.91,40.91,40.91,40.91,0
20230823T,43.04,43.04,43.04,43.04,0
20230824T,49.75,49.75,49.75,49.75,0
20230825T,40.75,40.75,40.75,40.75,0
20230828T,54.53,54.53,54.53,54.53,0
20230829T,45.21,45.21,45.21,45.21,0
20230830T,46.65,46.65,46.65,46.65,0
20230831T,47.12,47.12,47.12,47.12,0
20230901T,45.25,45.25,45.25,45.25,0
20230904T,45.96,45.96,45.96,45.96,0
20230905T,39.45,39.45,39.45,39.45,0
20230906T,42.72,42.72,42.72,42.72,0
20230907T,49.4,49.4,49.4,49.4,0
20230908T,50.38,50.38,50.38,50.38,0
20230911T,48.57,48.57,48.57,48.57,0
20230912T,50.13,50.13,50.13,50.13,0
20230913T,41.89,41.89,41.89,41.89,0
20230914T,44.91,44.91,44.91,44.91,0
20230915T,47.77,47.77,47.77,47.77,0
20230918T,55.64,55.64,55.64,55.64,0
20230919T,55.64,55.64,55.64,55.64,0
20230920T,63.13,63.13,63.13,63.13,0
20230921T,52.87,52.87,52.87,52.87,0
20230922T,45.9,45.9,45.9,45.9,0
20230925T,51.32,51.32,51.32,51.32,0
20230926T,44.84,44.84,44.84,44.84,0
20230927T,46.87,46.87,46.87,46.87,0
20230928T,43.74,43.74,43.74,43.74,0
20230929T,53.45,53.45,53.45,53.45,0
20231003T,51.25,51.25,51.25,51.25,0
20231004T,32.81,32.81,32.81,32.81,0
20231005T,46.22,46.22,46.22,46.22,0
20231006T,47.53,47.53,47.53,47.53,0
20231009T,46.37,46.37,46.37,46.37,0
20231010T,59.07,59.07,59.07,59.07,0
20231011T,75.59,75.59,75.59,75.59,0
20231012T,51.26,51.26,51.26,51.26,0
20231013T,41.61,41.61,41.61,41.61,0
20231016T,48.55,48.55,48.55,48.55,0
20231017T,53.89,53.89,53.89,53.89,0
20231018T,52.96,52.96,52.96,52.96,0
20231019T,47.52,47.52,47.52,47.52,0
20231020T,51.92,51.92,51.92,51.92,0
20231023T,51.08,51.08,51.08,51.08,0
20231024T,51.08,51.08,51.08,51.08,0
20231025T,56.8,56.8,56.8,56.8,0
20231026T,52.27,52.27,52.27,52.27,0
20231027T,21.88,21.88,21.88,21.88,0
20231030T,27.38,27.38,27.38,27.38,0
20231031T,32.21,32.21,32.21,32.21,0
20231101T,35.25,35.25,35.25,35.25,0
20231102T,50.81,50.81,50.81,50.81,0
20231103T,56.78,56.78,56.78,56.78,0
20231106T,64.6,64.6,64.6,64.6,0
20231107T,55.99,55.99,55.99,55.99,0
20231108T,68.43,68.43,68.43,68.43,0
20231109T,58.12,58.12,58.12,58.12,0
20231110T,69.53,69.53,69.53,69.53,0
20231113T,59.16,59.16,59.16,59.16,0
20231114T,59.16,59.16,59.16,59.16,0
20231115T,54.12,54.12,54.12,54.12,0
20231116T,51.18,51.18,51.18,51.18,0
20231117T,56.08,56.08,56.08,56.08,0
20231120T,51.91,51.91,51.91,51.91,0
20231121T,52.4,52.4,52.4,52.4,0
20231122T,28.4,28.4,28.4,28.4,0
20231123T,42.02,42.02,42.02,42.02,0
20231124T,32.4,32.4,32.4,32.4,0
20231127T,32.4,32.4,32.4,32.4,0
20231128T,42.28,42.28,42.28,42.28,0
20231129T,41.02,41.02,41.02,41.02,0
20231130T,48.18,48.18,48.18,48.18,0
20231201T,51.93,51.93,51.93,51.93,0
20231204T,59.65,59.65,59.65,59.65,0
20231205T,34.54,34.54,34.54,34.54,0
20231206T,49.91,49.91,49.91,49.91,0
20231207T,47.88,47.88,47.88,47.88,0
20231208T,50.69,50.69,50.69,50.69,0
20231211T,43.44,43.44,43.44,43.44,0
20231212T,54.33,54.33,54.33,54.33,0
20231213T,54.18,54.18,54.18,54.18,0
20231214T,48.59,48.59,48.59,48.59,0
20231215T,47.66,47.66,47.66,47.66,0
20231218T,52.31,52.31,52.31,52.31,0
20231219T,53.22,53.22,53.22,53.22,0
20231220T,45.28,45.28,45.28,45.28,0
20231221T,46.49,46.49,46.49,46.49,0
20231222T,52.3,52.3,52.3,52.3,0
20231225T,52.3,52.3,52.3,52.3,0
20231226T,59.82,59.82,59.82,59.82,0
20231227T,56.33,56.33,56.33,56.33,0
20231228T,60.78,60.78,60.78,60.78,0
20231229T,54.44,54.44,54.44,54.44,0
20240101T,52.64,52.64,52.64,52.64,0
20240102T,48.41,48.41,48.41,48.41,0
20240103T,45.24,45.24,45.24,45.24,0
20240104T,53.78,53.78,53.78,53.78,0
20240105T,50.78,50.78,50.78,50.78,0
20240108T,52.63,52.63,52.63,52.63,0
20240109T,50.19,50.19,50.19,50.19,0
20240110T,36.08,36.08,36.08,36.08,0
20240111T,48.63,48.63,48.63,48.63,0
20240112T,52.18,52.18,52.18,52.18,0
20240115T,55.82,55.82,55.82,55.82,0
20240116T,47.35,47.35,47.35,47.35,0
20240117T,45.26,45.26,45.26,45.26,0
20240118T,41.38,41.38,41.38,41.38,0
20240119T,46.5,46.5,46.5,46.5,0
20240122T,45.46,45.46,45.46,45.46,0
20240123T,43.77,43.77,43.77,43.77,0
20240124T,38.0,38.0,38.0,38.0,0
20240125T,39.39,39.39,39.39,39.39,0
20240129T,54.35,54.35,54.35,54.35,0
20240130T,48.56,48.56,48.56,48.56,0
20240131T,52.3,52.3,52.3,52.3,0
20240201T,45.95,45.95,45.95,45.95,0
20240202T,51.58,51.58,51.58,51.58,0
20240205T,54.18,54.18,54.18,54.18,0
20240206T,50.61,50.61,50.61,50.61,0
20240207T,38.09,38.09,38.09,38.09,0
20240208T,53.38,53.38,53.38,53.38,0
20240209T,44.47,44.47,44.47,44.47,0
20240212T,46.23,46.23,46.23,46.23,0
20240213T,34.84,34.84,34.84,34.84,0
20240214T,53.88,53.88,53.88,53.88,0
20240215T,59.04,59.04,59.04,59.04,0
20240216T,48.02,48.02,48.02,48.02,0
20240219T,59.22,59.22,59.22,59.22,0
20240220T,40.48,40.48,40.48,40.48,0
20240221T,28.48,28.48,28.48,28.48,0
20240222T,40.38,40.38,40.38,40.38,0
20240223T,29.72,29.72,29.72,29.72,0
20240226T,17.74,17.74,17.74,17.74,0
20240227T,35.48,35.48,35.48,35.48,0
20240228T,34.89,34.89,34.89,34.89,0
20240229T,47.3,47.3,47.3,47.3,0
20240301T,57.46,57.46,57.46,57.46,0
20240304T,51.26,51.26,51.26,51.26,0
20240305T,47.85,47.85,47.85,47.85,0
20240306T,47.42,47.42,47.42,47.42,0
20240307T,54.68,54.68,54.68,54.68,0
20240308T,54.68,54.68,54.68,54.68,0
20240311T,35.08,35.08,35.08,35.08,0
20240312T,44.89,44.89,44.89,44.89,0
20240313T,39.05,39.05,39.05,39.05,0
20240314T,47.82,47.82,47.82,47.82,0
20240315T,42.99,42.99,42.99,42.99,0
20240318T,46.45,46.45,46.45,46.45,0
20240319T,45.68,45.68,45.68,45.68,0
20240320T,47.37,47.37,47.37,47.37,0
20240321T,43.24,43.24,43.24,43.24,0
20240322T,54.52,54.52,54.52,54.52,0
20240325T,54.52,54.52,54.52,54.52,0
20240326T,49.71,49.71,49.71,49.71,0
20240327T,47.23,47.23,47.23,47.23,0
20240328T,84.88,84.88,84.88,84.88,0
20240329T,84.88,84.88,84.88,84.88,0
20240401T,78.72,78.72,78.72,78.72,0
20240402T,49.37,49.37,49.37,49.37,0
20240403T,48.98,48.98,48.98,48.98,0
20240404T,45.53,45.53,45.53,45.53,0
20240405T,46.59,46.59,46.59,46.59,0
20240408T,49.13,49.13,49.13,49.13,0
20240409T,44.93,44.93,44.93,44.93,0
20240410T,52.03,52.03,52.03,52.03,0
20240411T,52.03,52.03,52.03,52.03,0
20240412T,61.59,61.59,61.59,61.59,0
20240415T,43.21,43.21,43.21,43.21,0
20240416T,52.7,52.7,52.7,52.7,0
20240417T,52.7,52.7,52.7,52.7,0
20240418T,54.6,54.6,54.6,54.6,0
20240419T,51.63,51.63,51.63,51.63,0
20240422T,56.13,56.13,56.13,56.13,0
20240423T,51.72,51.72,51.72,51.72,0
20240424T,63.9,63.9,63.9,63.9,0
20240425T,58.78,58.78,58.78,58.78,0
20240426T,61.45,61.45,61.45,61.45,0
20240429T,53.65,53.65,53.65,53.65,0
20240430T,61.49,61.49,61.49,61.49,0
20240501T,61.49,61.49,61.49,61.49,0
20240502T,59.25,59.25,59.25,59.25,0
20240503T,62.31,62.31,62.31,62.31,0
20240506T,52.29,52.29,52.29,52.29,0
20240507T,46.17,46.17,46.17,46.17,0
20240508T,46.51,46.51,46.51,46.51,0
20240509T,60.86,60.86,60.86,60.86,0
20240510T,48.79,48.79,48.79,48.79,0
20240513T,54.13,54.13,54.13,54.13,0
20240514T,51.1,51.1,51.1,51.1,0
20240515T,44.64,44.64,44.64,44.64,0
20240516T,47.74,47.74,47.74,47.74,0
20240517T,61.66,61.66,61.66,61.66,0
20240520T,60.3,60.3,60.3,60.3,0
20240521T,64.53,64.53,64.53,64.53,0
20240522T,64.24,64.24,64.24,64.24,0
20240523T,58.73,58.73,58.73,58.73,0
20240524T,57.76,57.76,57.76,57.76,0
20240527T,46.55,46.55,46.55,46.55,0
20240528T,54.06,54.06,54.06,54.06,0
20240529T,50.27,50.27,50.27,50.27,0
20240530T,59.21,59.21,59.21,59.21,0
20240531T,64.86,64.86,64.86,64.86,0
20240603T,49.51,49.51,49.51,49.51,0
20240604T,48.69,48.69,48.69,48.69,0
20240605T,41.43,41.43,41.43,41.43,0
20240606T,51.49,51.49,51.49,51.49,0
20240607T,57.15,57.15,57.15,57.15,0
20240610T,49.55,49.55,49.55,49.55,0
20240611T,51.91,51.91,51.91,51.91,0
20240612T,64.11,64.11,64.11,64.11,0
20240613T,56.03,56.03,56.03,56.03,0
20240614T,53.57,53.57,53.57,53.57,0
20240617T,53.57,53.57,53.57,53.57,0
20240618T,53.49,53.49,53.49,53.49,0
20240619T,51.37,51.37,51.37,51.37,0
20240620T,50.49,50.49,50.49,50.49,0
20240621T,45.76,45.76,45.76,45.76,0
20240624T,61.1,61.1,61.1,61.1,0
20240625T,80.58,80.58,80.58,80.58,0
20240626T,41.88,41.88,41.88,41.88,0
20240627T,42.63,42.63,42.63,42.63,0
20240628T,39.81,39.81,39.81,39.81,0
20240701T,25.59,25.59,25.59,25.59,0
20240702T,35.19,35.19,35.19,35.19,0
20240703T,46.61,46.61,46.61,46.61,0
20240704T,58.78,58.78,58.78,58.78,0
20240705T,55.95,55.95,55.95,55.95,0
20240708T,49.09,49.09,49.09,49.09,0
20240709T,61.92,61.92,61.92,61.92,0
20240710T,47.14,47.14,47.14,47.14,0
20240711T,61.94,61.94,61.94,61.94,0
20240712T,49.97,49.97,49.97,49.97,0
20240715T,48.68,48.68,48.68,48.68,0
20240716T,43.21,43.21,43.21,43.21,0
20240717T,43.21,43.21,43.21,43.21,0
20240718T,16.73,16.73,16.73,16.73,0
20240719T,64.69,64.69,64.69,64.69,0
20240722T,47.7,47.7,47.7,47.7,0
20240723T,42.67,42.67,42.67,42.67,0
20240724T,49.97,49.97,49.97,49.97,0
20240725T,50.0,50.0,50.0,50.0,0
20240726T,61.07,61.07,61.07,61.07,0
20240729T,53.03,53.03,53.03,53.03,0
20240730T,58.51,58.51,58.51,58.51,0
20240731T,46.54,46.54,46.54,46.54,0
20240801T,50.91,50.91,50.91,50.91,0
20240802T,58.71,58.71,58.71,58.71,0
20240805T,46.34,46.34,46.34,46.34,0
20240806T,27.25,27.25,27.25,27.25,0
20240807T,51.13,51.13,51.13,51.13,0
20240808T,53.68,53.68,53.68,53.68,0
20240809T,49.84,49.84,49.84,49.84,0
20240812T,50.82,50.82,50.82,50.82,0
20240813T,55.05,55.05,55.05,55.05,0
20240814T,54.54,54.54,54.54,54.54,0
20240816T,30.84,30.84,30.84,30.84,0
20240819T,46.77,46.77,46.77,46.77,0
20240820T,43.71,43.71,43.71,43.71,0
20240821T,59.27,59.27,59.27,59.27,0
20240822T,62.28,62.28,62.28,62.28,0
20240823T,55.42,55.42,55.42,55.42,0
20240826T,52.13,52.13,52.13,52.13,0
20240827T,51.9,51.9,51.9,51.9,0
20240828T,46.1,46.1,46.1,46.1,0
20240829T,39.33,39.33,39.33,39.33,0
20240830T,64.78,64.78,64.78,64.78,0
20240902T,40.34,40.34,40.34,40.34,0
20240903T,40.97,40.97,40.97,40.97,0
20240904T,49.19,49.19,49.19,49.19,0
20240905T,69.16,69.16,69.16,69.16,0
20240906T,37.48,37.48,37.48,37.48,0
20240909T,34.95,34.95,34.95,34.95,0
20240910T,49.99,49.99,49.99,49.99,0
20240911T,47.36,47.36,47.36,47.36,0
20240912T,35.03,35.03,35.03,35.03,0
20240913T,42.43,42.43,42.43,42.43,0
20240916T,55.15,55.15,55.15,55.15,0
20240917T,50.03,50.03,50.03,50.03,0
20240918T,62.06,62.06,62.06,62.06,0
20240919T,56.04,56.04,56.04,56.04,0
20240920T,41.59,41.59,41.59,41.59,0
20240923T,52.44,52.44,52.44,52.44,0
20240924T,49.36,49.36,49.36,49.36,0
20240925T,48.07,48.07,48.07,48.07,0
20240926T,49.79,49.79,49.79,49.79,0
20240927T,79.9,79.9,79.9,79.9,0
20240930T,42.69,42.69,42.69,42.69,0
20241001T,40.15,40.15,40.15,40.15,0
20241003T,51.16,51.16,51.16,51.16,0
20241004T,41.01,41.01,41.01,41.01,0
20241007T,48.33,48.33,48.33,48.33,0
20241008T,41.15,41.15,41.15,41.15,0
20241009T,46.62,46.62,46.62,46.62,0
20241010T,49.38,49.38,49.38,49.38,0
20241011T,45.72,45.72,45.72,45.72,0
20241014T,32.05,32.05,32.05,32.05,0
20241015T,32.53,32.53,32.53,32.53,0
20241016T,61.6,61.6,61.6,61.6,0
20241017T,60.18,60.18,60.18,60.18,0
20241018T,47.1,47.1,47.1,47.1,0
20241021T,49.3,49.3,49.3,49.3,0
20241022T,47.17,47.17,47.17,47.17,0
20241023T,32.95,32.95,32.95,32.95,0
20241024T,30.76,30.76,30.76,30.76,0
20241025T,44.14,44.14,44.14,44.14,0
20241028T,37.06,37.06,37.06,37.06,0
20241029T,43.46,43.46,43.46,43.46,0
20241030T,49.65,49.65,49.65,49.65,0
20241031T,49.73,49.73,49.73,49.73,0
20241101T,48.15,48.15,48.15,48.15,0
20241104T,46.53,46.53,46.53,46.53,0
20241105T,47.02,47.02,47.02,47.02,0
20241106T,66.71,66.71,66.71,66.71,0
20241107T,38.24,38.24,38.24,38.24,0
20241108T,44.67,44.67,44.67,44.67,0
20241111T,53.24,53.24,53.24,53.24,0
20241112T,48.89,48.89,48.89,48.89,0
20241113T,49.7,49.7,49.7,49.7,0
20241114T,31.57,31.57,31.57,31.57,0
20241118T,52.71,52.71,52.71,52.71,0
20241119T,54.61,54.61,54.61,54.61,0
20241120T,54.61,54.61,54.61,54.61,0
20241121T,42.89,42.89,42.89,42.89,0
20241122T,43.91,43.91,43.91,43.91,0
20241125T,56.86,56.86,56.86,56.86,0
20241126T,40.7,40.7,40.7,40.7,0
20241127T,39.65,39.65,39.65,39.65,0
20241128T,47.1,47.1,47.1,47.1,0
20241129T,47.78,47.78,47.78,47.78,0
20241202T,35.13,35.13,35.13,35.13,0
20241203T,52.07,52.07,52.07,52.07,0
20241204T,54.48,54.48,54.48,54.48,0
20241205T,54.52,54.52,54.52,54.52,0
20241206T,47.73,47.73,47.73,47.73,0
20241209T,20.49,20.49,20.49,20.49,0
20241210T,28.22,28.22,28.22,28.22,0
20241211T,39.06,39.06,39.06,39.06,0
20241212T,39.57,39.57,39.57,39.57,0
20241213T,30.68,30.68,30.68,30.68,0
20241216T,34.05,34.05,34.05,34.05,0
20241217T,37.21,37.21,37.21,37.21,0
20241218T,36.71,36.71,36.71,36.71,0
20241219T,41.06,41.06,41.06,41.06,0
20241220T,46.95,46.95,46.95,46.95,0
20241223T,46.17,46.17,46.17,46.17,0
20241224T,43.8,43.8,43.8,43.8,0
20241225T,43.8,43.8,43.8,43.8,0
20241226T,37.85,37.85,37.85,37.85,0
20241227T,41.07,41.07,41.07,41.07,0
20241230T,46.78,46.78,46.78,46.78,0
20241231T,36.34,36.34,36.34,36.34,0
20250101T,33.07,33.07,33.07,33.07,0
20250102T,48.92,48.92,48.92,48.92,0
20250103T,43.66,43.66,43.66,43.66,0
20250106T,45.58,45.58,45.58,45.58,0
20250107T,32.68,32.68,32.68,32.68,0
20250108T,48.86,48.86,48.86,48.86,0
20250109T,41.25,41.25,41.25,41.25,0
20250110T,52.35,52.35,52.35,52.35,0
20250113T,46.86,46.86,46.86,46.86,0
20250114T,39.22,39.22,39.22,39.22,0
20250115T,17.48,17.48,17.48,17.48,0
20250116T,23.19,23.19,23.19,23.19,0
20250117T,24.17,24.17,24.17,24.17,0
20250120T,32.79,32.79,32.79,32.79,0
20250121T,39.97,39.97,39.97,39.97,0
20250122T,33.21,33.21,33.21,33.21,0
20250123T,39.19,39.19,39.19,39.19,0
20250124T,42.09,42.09,42.09,42.09,0
20250127T,50.72,50.72,50.72,50.72,0
20250128T,44.71,44.71,44.71,44.71,0
20250129T,42.7,42.7,42.7,42.7,0
20250130T,52.84,52.84,52.84,52.84,0
20250131T,43.76,43.76,43.76,43.76,0
20250203T,44.03,44.03,44.03,44.03,0
20250204T,36.46,36.46,36.46,36.46,0
20250205T,44.07,44.07,44.07,44.07,0
20250206T,45.6,45.6,45.6,45.6,0
20250207T,29.55,29.55,29.55,29.55,0
20250210T,47.58,47.58,47.58,47.58,0
20250211T,52.54,52.54,52.54,52.54,0
20250212T,7.12,7.12,7.12,7.12,0
20250213T,11.67,11.67,11.67,11.67,0
20250214T,32.06,32.06,32.06,32.06,0
20250217T,22.47,22.47,22.47,22.47,0
20250218T,33.69,33.69,33.69,33.69,0
20250219T,33.19,33.19,33.19,33.19,0
20250220T,59.26,59.26,59.26,59.26,0
20250221T,40.73,40.73,40.73,40.73,0
20250224T,42.13,42.13,42.13,42.13,0
20250225T,32.72,32.72,32.72,32.72,0
20250227T,55.61,55.61,55.61,55.61,0
20250228T,52.47,52.47,52.47,52.47,0
20250303T,43.15,43.15,43.15,43.15,0
20250304T,75.42,75.42,75.42,75.42,0
20250305T,51.1,51.1,51.1,51.1,0
20250306T,52.09,52.09,52.09,52.09,0
20250307T,66.05,66.05,66.05,66.05,0
20250310T,53.6,53.6,53.6,53.6,0
20250311T,41.24,41.24,41.24,41.24,0
20250312T,60.42,60.42,60.42,60.42,0
20250313T,63.61,63.61,63.61,63.61,0
20250317T,63.69,63.69,63.69,63.69,0
20250318T,52.73,52.73,52.73,52.73,0
20250319T,51.32,51.32,51.32,51.32,0
20250320T,46.41,46.41,46.41,46.41,0
20250321T,59.57,59.57,59.57,59.57,0
20250324T,53.9,53.9,53.9,53.9,0
20250325T,59.46,59.46,59.46,59.46,0
20250326T,53.85,53.85,53.85,53.85,0
20250327T,55.07,55.07,55.07,55.07,0
20250328T,62.0,62.0,62.0,62.0,0
20250401T,32.08,32.08,32.08,32.08,0
20250402T,46.14,46.14,46.14,46.14,0
20250403T,27.89,27.89,27.89,27.89,0
20250404T,49.15,49.15,49.15,49.15,0
20250407T,26.6,26.6,26.6,26.6,0
20250408T,15.87,15.87,15.87,15.87,0
20250409T,23.92,23.92,23.92,23.92,0
20250411T,41.44,41.44,41.44,41.44,0
20250415T,47.94,47.94,47.94,47.94,0
20250416T,51.73,51.73,51.73,51.73,0
20250417T,28.27,28.27,28.27,28.27,0
20250421T,44.36,44.36,44.36,44.36,0
20250422T,48.44,48.44,48.44,48.44,0
20250423T,39.61,39.61,39.61,39.61,0
20250424T,71.52,71.52,71.52,71.52,0
20250425T,58.7,58.7,58.7,58.7,0
20250428T,34.98,34.98,34.98,34.98,0
20250429T,75.59,75.59,75.59,75.59,0
20250430T,57.26,57.26,57.26,57.26,0
20250502T,44.49,44.49,44.49,44.49,0
20250505T,30.72,30.72,30.72,30.72,0
20250506T,44.84,44.84,44.84,44.84,0
20250507T,15.01,15.01,15.01,15.01,0
20250508T,39.23,39.23,39.23,39.23,0
20250509T,32.56,32.56,32.56,32.56,0
20250512T,38.85,38.85,38.85,38.85,0
20250513T,55.65,55.65,55.65,55.65,0
20250514T,31.82,31.82,31.82,31.82,0
20250515T,40.04,40.04,40.04,40.04,0
20250516T,51.89,51.89,51.89,51.89,0
20250519T,57.6,57.6,57.6,57.6,0
20250520T,46.13,46.13,46.13,46.13,0
20250521T,44.05,44.05,44.05,44.05,0
20250522T,47.94,47.94,47.94,47.94,0
20250523T,45.94,45.94,45.94,45.94,0
20250526T,48.08,48.08,48.08,48.08,0
20250527T,47.91,47.91,47.91,47.91,0
20250528T,52.29,52.29,52.29,52.29,0
20250529T,42.84,42.84,42.84,42.84,0
20250530T,43.82,43.82,43.82,43.82,0
20250602T,32.05,32.05,32.05,32.05,0
20250603T,53.95,53.95,53.95,53.95,0
20250604T,48.62,48.62,48.62,48.62,0
20250605T,41.08,41.08,41.08,41.08,0
20250606T,40.91,40.91,40.91,40.91,0
20250609T,51.4,51.4,51.4,51.4,0
20250610T,51.9,51.9,51.9,51.9,0
20250611T,38.19,38.19,38.19,38.19,0
20250612T,38.98,38.98,38.98,38.98,0
20250613T,34.37,34.37,34.37,34.37,0
20250616T,42.02,42.02,42.02,42.02,0
20250617T,37.11,37.11,37.11,37.11,0
20250618T,29.76,29.76,29.76,29.76,0
20250619T,64.17,64.17,64.17,64.17,0
20250620T,43.12,43.12,43.12,43.12,0
20250623T,48.63,48.63,48.63,48.63,0
20250624T,62.14,62.14,62.14,62.14,0
20250625T,54.74,54.74,54.74,54.74,0
20250626T,51.17,51.17,51.17,51.17,0
20250627T,41.45,41.45,41.45,41.45,0
20250630T,46.29,46.29,46.29,46.29,0
20250701T,43.96,43.96,43.96,43.96,0
20250702T,43.22,43.22,43.22,43.22,0
20250703T,42.98,42.98,42.98,42.98,0
20250704T,42.67,42.67,42.67,42.67,0
20250707T,42.69,42.69,42.69,42.69,0
20250708T,25.25,25.25,25.25,25.25,0
20250709T,36.83,36.83,36.83,36.83,0
20250710T,44.22,44.22,44.22,44.22,0
20250711T,34.6,34.6,34.6,34.6,0
20250714T,45.25,45.25,45.25,45.25,0
20250715T,49.05,49.05,49.05,49.05,0
20250716T,53.43,53.43,53.43,53.43,0
20250717T,43.96,43.96,43.96,43.96,0
20250718T,45.1,45.1,45.1,45.1,0
20250721T,40.55,40.55,40.55,40.55,0
20250722T,50.04,50.04,50.04,50.04,0
20250723T,41.14,41.14,41.14,41.14,0
20250724T,52.03,52.03,52.03,52.03,0
20250725T,54.27,54.27,54.27,54.27,0
20250728T,41.89,41.89,41.89,41.89,0
20250729T,41.85,41.85,41.85,41.85,0
20250730T,60.72,60.72,60.72,60.72,0
20250731T,43.08,43.08,43.08,43.08,0
20250801T,50.55,50.55,50.55,50.55,0
20250804T,38.2,38.2,38.2,38.2,0
20250805T,47.03,47.03,47.03,47.03,0
20250806T,63.75,63.75,63.75,63.75,0
20250807T,49.62,49.62,49.62,49.62,0
20250808T,48.51,48.51,48.51,48.51,0
20250811T,39.93,39.93,39.93,39.93,0
20250812T,46.5,46.5,46.5,46.5,0
20250813T,41.94,41.94,41.94,41.94,0
20250814T,31.67,31.67,31.67,31.67,0
20250818T,42.4,42.4,42.4,42.4,0
20250819T,12.05,12.05,12.05,12.05,0
20250820T,42.58,42.58,42.58,42.58,0
20250821T,46.86,46.86,46.86,46.86,0
20250822T,31.29,31.29,31.29,31.29,0
20250825T,53.91,53.91,53.91,53.91,0
20250826T,58.05,58.05,58.05,58.05,0
20250828T,43.28,43.28,43.28,43.28,0
20250829T,41.54,41.54,41.54,41.54,0
20250901T,61.25,61.25,61.25,61.25,0
20250902T,30.89,30.89,30.89,30.89,0
20250903T,52.15,52.15,52.15,52.15,0
20250904T,49.02,49.02,49.02,49.02,0
20250905T,41.29,41.29,41.29,41.29,0
20250908T,44.35,44.35,44.35,44.35,0
20250909T,50.64,50.64,50.64,50.64,0
20250910T,26.63,26.63,26.63,26.63,0
20250911T,11.57,11.57,11.57,11.57,0
20250912T,17.99,17.99,17.99,17.99,0
20250915T,15.47,15.47,15.47,15.47,0
20250916T,12.59,12.59,12.59,12.59,0
20250917T,31.85,31.85,31.85,31.85,0
20250918T,38.92,38.92,38.92,38.92,0
20250919T,49.04,49.04,49.04,49.04,0
20250922T,42.14,42.14,42.14,42.14,0
20250923T,38.7,38.7,38.7,38.7,0
20250924T,47.35,47.35,47.35,47.35,0
20250925T,40.66,40.66,40.66,40.66,0
20250926T,42.46,42.46,42.46,42.46,0
20250929T,44.19,44.19,44.19,44.19,0
20250930T,42.81,42.81,42.81,42.81,0
20251001T,42.51,42.51,42.51,42.51,0
20251003T,41.04,41.04,41.04,41.04,0
20251006T,56.31,56.31,56.31,56.31,0
20251007T,48.51,48.51,48.51,48.51,0
20251008T,45.42,45.42,45.42,45.42,0
20251009T,40.82,40.82,40.82,40.82,0
20251010T,30.68,30.68,30.68,30.68,0
20251013T,43.66,43.66,43.66,43.66,0
20251014T,56.0,56.0,56.0,56.0,0
20251015T,60.3,60.3,60.3,60.3,0
20251016T,14.84,14.84,14.84,14.84,0
20251017T,36.7,36.7,36.7,36.7,0
20251020T,45.24,45.24,45.24,45.24,0
20251021T,42.26,42.26,42.26,42.26,0
20251022T,42.26,42.26,42.26,42.26,0
20251023T,32.7,32.7,32.7,32.7,0
20251024T,47.11,47.11,47.11,47.11,0
20251027T,44.57,44.57,44.57,44.57,0
20251028T,58.96,58.96,58.96,58.96,0
20251029T,38.1,38.1,38.1,38.1,0
20251030T,32.75,32.75,32.75,32.75,0
20251031T,38.99,38.99,38.99,38.99,0
20251103T,48.53,48.53,48.53,48.53,0
20251104T,51.26,51.26,51.26,51.26,0
20251105T,51.26,51.26,51.26,51.26,0
20251106T,44.38,44.38,44.38,44.38,0
20251107T,34.61,34.61,34.61,34.61,0
20251110T,44.02,44.02,44.02,44.02,0
20251111T,20.5,20.5,20.5,20.5,0
20251112T,22.28,22.28,22.28,22.28,0
20251113T,22.53,22.53,22.53,22.53,0
20251114T,31.16,31.16,31.16,31.16,0
20251117T,48.41,48.41,48.41,48.41,0
20251118T,43.66,43.66,43.66,43.66,0
20251119T,42.68,42.68,42.68,42.68,0
20251120T,53.02,53.02,53.02,53.02,0
20251121T,39.3,39.3,39.3,39.3,0
20251124T,54.57,54.57,54.57,54.57,0
20251125T,48.33,48.33,48.33,48.33,0
20251126T,38.39,38.39,38.39,38.39,0
20251127T,46.23,46.23,46.23,46.23,0
20251128T,29.7,29.7,29.7,29.7,0
20251201T,45.19,45.19,45.19,45.19,0
20251202T,47.3,47.3,47.3,47.3,0
20251203T,37.63,37.63,37.63,37.63,0
20251204T,33.67,33.67,33.67,33.67,0
20251205T,45.45,45.45,45.45,45.45,0
20251208T,56.02,56.02,56.02,56.02,0
20251209T,40.89,40.89,40.89,40.89,0
20251210T,48.01,48.01,48.01,48.01,0
20251211T,43.84,43.84,43.84,43.84,0
20251212T,36.14,36.14,36.14,36.14,0
20251215T,46.07,46.07,46.07,46.07,0
20251216T,51.89,51.89,51.89,51.89,0
20251217T,50.99,50.99,50.99,50.99,0
20251218T,57.38,57.38,57.38,57.38,0
20251219T,43.14,43.14,43.14,43.14,0
20251222T,75.69,75.69,75.69,75.69,0
20251223T,78.25,78.25,78.25,78.25,0
20251224T,50.47,50.47,50.47,50.47,0
20251226T,50.44,50.44,50.44,50.44,0
20251229T,52.11,52.11,52.11,52.11,0
20251230T,9.4,9.4,9.4,9.4,0
20251231T,17.29,17.29,17.29,17.29,0
20260101T,21.47,21.47,21.47,21.47,0
20260102T,51.37,51.37,51.37,51.37,0
20260105T,42.0,42.0,42.0,42.0,0
20260106T,46.82,46.82,46.82,46.82,0
20260107T,53.98,53.98,53.98,53.98,0
20260108T,46.54,46.54,46.54,46.54,0
20260109T,43.38,43.38,43.38,43.38,0
20260112T,36.36,36.36,36.36,36.36,0
20260113T,34.7,34.7,34.7,34.7,0
20260114T,45.55,45.55,45.55,45.55,0
20260115T,45.55,45.55,45.55,45.55,0
20260116T,38.89,38.89,38.89,38.89,0
20260119T,42.01,42.01,42.01,42.01,0
20260120T,39.5,39.5,39.5,39.5,0
20260121T,42.87,42.87,42.87,42.87,0
20260122T,30.11,30.11,30.11,30.11,0
20260123T,52.61,52.61,52.61,52.61,0
20260127T,22.6,22.6,22.6,22.6,0
20260128T,33.22,33.22,33.22,33.22,0
20260129T,47.69,47.69,47.69,47.69,0
20260130T,36.85,36.85,36.85,36.85,0
20260202T,35.96,35.96,35.96,35.96,0
20260203T,75.39,75.39,75.39,75.39,0
20260204T,15.03,15.03,15.03,15.03,0
20260205T,39.63,39.63,39.63,39.63,0
20260206T,23.1,23.1,23.1,23.1,0
20260209T,35.18,35.18,35.18,35.18,0
20260210T,30.29,30.29,30.29,30.29,0
20260211T,62.55,62.55,62.55,62.55,0
